,Education,Marital_Status,Income,Kidhome,Teenhome,Recency,Complain,Age,Total_Amount,Total_Purchases,Total_Accepted_Complains,cluster_labels
0,2,4,58138.0,0,0,58,0,67,1617,32,0.0,1
1,2,4,46344.0,1,1,38,0,70,27,11,0.0,2
2,2,5,71613.0,0,0,26,0,59,776,25,0.0,1
3,2,5,26646.0,1,0,26,0,40,53,14,0.0,2
4,4,3,58293.0,1,0,94,0,43,422,24,0.0,2
5,3,5,62513.0,0,1,16,0,57,716,28,0.0,1
6,2,2,55635.0,0,1,34,0,53,590,27,0.0,1
7,4,3,33454.0,1,0,32,0,39,169,18,0.0,2
8,4,5,30351.0,1,0,19,0,50,46,15,0.0,2
10,2,3,51381.5,1,0,11,0,41,19,11,0.0,2
11,1,3,7500.0,0,0,59,0,48,61,14,0.0,2
13,3,2,59354.0,1,1,53,0,72,310,21,0.0,1
14,2,3,17323.0,0,0,38,0,37,46,13,0.0,2
15,4,4,82800.0,0,0,23,0,78,1315,29,0.4,0
16,2,3,41850.0,1,1,51,0,44,96,17,0.0,2
17,2,5,37760.0,0,0,20,0,78,317,20,0.0,1
18,3,3,76995.0,0,1,91,0,75,1782,31,0.2,0
19,0,4,33812.0,1,0,86,0,39,133,14,0.0,2
20,2,3,37040.0,0,0,41,0,42,316,20,0.0,2
22,4,3,58607.0,0,1,63,0,75,972,25,0.2,1
23,4,3,65324.0,0,1,0,0,70,544,24,0.0,1
24,2,5,40689.0,0,1,69,0,73,444,28,0.0,1
25,2,4,18589.0,0,0,89,0,55,75,15,0.0,2
26,2,3,53359.0,1,1,4,0,48,257,21,0.0,2
28,2,3,38360.0,1,0,26,0,35,131,12,0.0,2
29,4,3,84618.0,0,0,96,0,59,1672,28,0.2,0
30,3,2,10979.0,0,0,34,0,35,30,13,0.0,2
31,3,5,38620.0,0,0,56,0,61,318,14,0.0,2
32,2,5,40548.0,0,1,31,0,54,120,14,0.2,2
33,4,2,46610.0,0,2,8,0,72,302,23,0.0,1
34,3,3,68657.0,0,0,4,0,78,1196,25,0.0,1
35,3,4,49389.0,1,1,55,0,73,65,13,0.0,2
36,4,3,67353.0,0,1,37,0,54,913,30,0.0,1
37,0,3,23718.0,1,0,76,0,48,81,16,0.0,2
38,2,6,42429.0,0,1,99,0,51,67,12,0.0,2
39,4,2,48948.0,0,0,53,0,81,902,30,0.2,1
41,3,3,20559.0,1,0,88,0,39,53,15,0.0,2
42,2,5,21994.0,0,1,4,0,67,22,9,0.0,2
43,4,4,51381.5,0,0,80,0,65,186,11,0.0,2
44,3,3,7500.0,1,0,19,0,49,31,13,0.0,2
46,0,3,7500.0,0,0,24,0,28,122,19,0.0,2
47,2,5,41728.0,1,0,92,0,56,55,15,0.0,2
48,2,4,51381.5,2,1,96,0,73,124,16,0.0,2
50,2,6,65486.0,0,1,29,0,67,507,19,0.0,1
52,2,4,35790.0,1,0,54,0,47,72,14,0.0,2
54,2,3,66373.0,1,1,57,0,46,606,26,0.0,1
55,3,5,82384.0,0,0,55,0,69,1957,28,0.2,0
56,2,2,70287.0,0,0,30,0,58,1093,24,0.0,1
57,2,4,27938.0,1,0,31,0,36,29,9,0.0,2
58,2,4,51381.5,1,0,57,0,42,46,13,0.0,2
59,4,3,55954.0,0,1,63,0,56,518,26,0.0,1
60,3,4,75777.0,0,0,12,0,42,1438,22,0.4,0
61,2,5,66653.0,1,1,18,0,49,612,25,0.0,1
62,2,4,61823.0,0,1,26,0,72,884,31,0.0,1
63,4,6,67680.0,0,1,8,0,73,606,24,0.0,1
64,2,5,70666.0,0,0,29,0,76,1076,20,0.0,1
65,2,3,25721.0,1,0,75,0,53,34,12,0.0,2
66,2,5,32474.0,1,1,0,0,57,11,11,0.0,2
67,0,4,88194.0,0,1,19,0,45,1274,37,0.4,0
68,2,5,69096.0,0,1,4,0,66,653,22,0.0,1
69,2,5,74854.0,1,2,90,0,54,1562,24,0.0,1
70,3,3,66991.0,0,0,1,0,70,1253,24,0.0,1
71,0,3,51381.5,1,0,25,0,51,109,17,0.0,2
72,2,3,65031.0,0,1,29,0,65,863,37,0.0,1
73,4,3,60631.0,1,1,88,0,49,661,31,0.2,1
74,2,3,28332.0,0,0,58,0,72,65,10,0.0,2
75,2,2,40246.0,1,0,68,0,47,13,10,0.0,2
77,2,4,75825.0,0,0,40,0,48,2209,26,0.2,0
78,0,5,26326.0,0,0,12,1,48,18,7,0.0,3
79,2,5,56046.0,0,0,9,0,59,692,29,0.2,1
80,2,4,29760.0,1,0,87,0,39,165,20,0.0,2
81,2,3,26304.0,1,0,5,0,55,16,11,0.0,2
82,0,3,23559.0,1,0,87,0,51,79,16,0.0,2
83,3,5,38620.0,0,0,56,0,61,318,14,0.0,2
84,2,2,81361.0,0,0,18,0,37,778,28,0.0,1
85,2,3,29440.0,1,1,95,0,64,56,14,0.0,2
86,3,3,36138.0,1,1,48,0,54,151,20,0.2,2
87,2,4,50388.0,0,1,3,0,67,372,24,0.4,0
88,2,3,79593.0,0,0,70,0,51,1366,21,0.2,0
89,2,5,54178.0,0,1,79,0,57,194,12,0.0,1
91,2,4,51381.5,1,1,45,0,67,18,11,0.0,2
92,3,5,51381.5,0,0,87,0,51,985,16,0.0,1
93,3,4,42394.0,1,0,69,0,52,32,12,0.0,2
94,4,3,23626.0,1,0,84,0,54,43,15,0.0,2
95,2,3,30096.0,1,0,30,0,41,45,12,0.0,2
96,2,6,47916.0,0,1,72,0,64,606,28,0.2,1
97,2,2,51813.0,1,1,37,0,52,63,14,0.0,2
99,4,3,50150.0,0,0,32,0,41,410,21,0.0,1
100,0,4,47823.0,0,1,0,0,64,72,15,0.0,2
101,4,4,34554.0,0,1,43,0,65,55,13,0.0,2
103,4,3,65846.0,0,0,68,0,79,1120,20,0.0,1
104,2,3,87195.0,0,0,35,0,65,1097,21,0.0,1
105,1,5,24594.0,1,0,94,0,45,29,10,0.0,2
106,2,3,49096.0,1,1,15,0,60,187,20,0.0,2
107,2,3,52413.0,0,2,56,0,55,910,32,0.0,1
108,2,4,38557.0,1,0,17,0,46,145,16,0.0,2
110,2,5,77298.0,0,1,46,0,45,969,27,0.0,1
112,3,5,57288.0,0,1,27,0,61,608,26,0.2,1
113,2,4,86037.0,0,0,95,0,33,730,28,0.4,0
114,4,3,43974.0,1,0,19,0,44,551,28,0.0,2
115,2,4,50785.0,1,1,27,0,62,114,14,0.0,2
116,2,3,90765.0,0,0,25,0,54,1724,16,0.4,0
117,0,3,36550.0,1,0,74,0,46,577,29,0.0,2
118,0,5,30753.0,1,1,85,0,57,81,12,0.0,2
119,2,5,21918.0,1,0,37,0,55,33,13,0.0,2
120,3,5,56129.0,0,1,65,0,71,660,26,0.0,1
121,3,4,32557.0,1,0,13,0,57,80,14,0.0,2
122,3,3,19510.0,2,0,63,0,39,30,13,0.0,2
123,2,2,30992.0,1,0,83,0,48,43,12,0.0,2
124,2,4,101970.0,0,0,69,0,41,1135,29,0.6,0
125,0,5,71488.0,0,0,87,0,59,559,17,0.0,1
127,3,3,54348.0,1,1,51,0,71,90,14,0.0,2
128,4,3,51381.5,0,1,23,0,63,404,23,0.0,1
129,4,5,77376.0,1,1,72,0,68,661,27,0.0,1
130,2,3,62998.0,0,1,10,0,72,463,24,0.0,1
131,3,1,61331.0,1,1,42,0,66,632,31,0.0,1
132,2,3,73448.0,0,0,10,0,55,725,23,0.0,1
133,2,3,51381.5,0,1,96,0,61,725,23,0.0,1
134,4,3,41551.0,1,1,51,0,60,279,24,0.0,1
135,4,5,62981.0,0,0,21,0,57,1482,26,0.2,0
136,1,2,9548.0,1,0,31,0,48,29,14,0.0,2
137,4,3,33762.0,2,1,61,0,65,106,17,0.0,2
138,4,1,35860.0,1,1,37,0,51,49,11,0.2,2
139,4,2,36921.0,1,1,74,0,59,38,14,0.0,2
141,3,5,65104.0,0,1,4,0,48,1053,24,0.0,1
142,2,3,86111.0,0,0,73,0,62,1385,25,0.0,1
143,4,4,68352.0,0,1,47,0,50,871,31,0.0,1
144,2,5,41883.0,1,0,13,0,36,312,19,0.0,2
145,2,3,59809.0,0,2,36,0,48,877,23,0.0,1
146,2,3,23957.0,1,0,47,0,49,68,12,0.0,2
147,2,5,38547.0,1,0,49,1,43,22,12,0.0,3
148,0,3,35688.0,2,1,94,0,51,211,24,0.0,2
149,3,3,49605.0,0,0,65,0,58,127,11,0.0,2
150,3,3,59354.0,0,2,59,0,71,459,19,0.0,1
151,2,3,65747.0,0,1,96,0,55,460,25,0.2,1
152,0,5,46344.0,0,1,28,0,52,429,24,0.0,1
153,2,1,34176.0,1,0,12,0,36,89,17,0.0,2
154,4,5,61010.0,0,1,57,0,72,1021,31,0.0,1
155,2,5,69372.0,0,0,10,0,75,1381,25,0.4,0
156,2,4,49967.0,0,1,4,0,66,306,22,0.0,1
157,2,4,60199.0,1,2,49,0,46,18,8,0.0,2
158,2,5,55375.0,0,1,3,0,47,162,11,0.0,2
159,2,4,80317.0,0,0,64,0,69,1231,19,0.0,1
160,3,4,30523.0,2,1,0,0,66,13,11,0.0,2
162,2,3,23228.0,1,0,91,0,40,121,19,0.0,2
163,4,2,74165.0,0,0,9,0,49,1293,22,0.0,1
165,2,5,43482.0,2,1,83,0,58,88,15,0.0,2
166,2,2,62551.0,0,0,27,0,71,421,21,0.2,1
167,2,2,52332.0,0,0,63,0,65,259,16,0.2,1
169,2,5,26091.0,1,1,84,0,67,89,14,0.0,2
170,2,5,33456.0,1,1,58,0,59,36,13,0.0,2
171,2,3,28718.0,1,0,78,0,42,57,15,0.0,2
172,2,3,50447.0,2,0,4,0,54,148,14,0.0,2
173,4,5,53537.0,1,1,17,0,65,93,13,0.0,2
174,2,4,52074.0,0,1,77,0,57,119,11,0.2,2
175,4,3,80427.0,0,1,56,0,49,1835,33,0.0,1
176,4,3,83837.0,0,0,79,0,76,1318,29,0.4,0
177,4,3,38853.0,1,1,90,0,54,45,14,0.0,2
178,2,5,38285.0,2,1,96,0,65,10,6,0.0,2
180,4,3,51650.0,0,1,81,0,48,191,15,0.0,1
181,0,3,16248.0,1,0,77,0,36,57,15,0.0,2
182,3,3,66835.0,0,0,21,0,78,1033,26,0.0,1
183,3,3,30477.0,1,0,16,0,40,66,12,0.0,2
184,1,3,28249.0,0,0,80,0,63,43,12,0.0,2
185,2,3,25271.0,1,0,45,0,41,50,14,0.0,2
186,4,4,32303.0,0,1,63,0,54,39,12,0.0,2
187,2,3,61286.0,0,1,34,0,58,608,23,0.0,1
188,2,3,74068.0,0,0,14,0,48,1581,26,0.0,1
189,4,3,45759.0,1,1,13,0,60,68,14,0.0,2
190,1,5,24882.0,1,0,52,0,46,80,11,0.2,2
191,4,5,66973.0,0,0,98,0,35,1282,31,0.0,1
193,2,3,38872.0,1,0,93,0,36,91,16,0.0,2
194,2,3,51148.0,1,1,38,0,51,315,22,0.0,2
195,2,3,31353.0,1,1,24,0,47,31,14,0.0,2
196,3,3,69661.0,0,0,80,0,44,834,26,0.0,1
199,4,4,46854.0,1,1,81,0,51,263,23,0.2,2
200,2,2,69142.0,0,1,50,0,72,535,24,0.2,1
202,2,2,63693.0,0,1,63,0,46,1150,35,0.0,1
204,4,4,40637.0,1,1,72,0,59,38,13,0.0,2
205,3,4,18890.0,0,0,5,0,40,35,10,0.2,2
206,2,5,29604.0,1,0,88,0,36,53,14,0.2,2
207,3,2,48721.0,1,1,50,0,61,293,23,0.0,1
208,2,3,44794.0,0,1,99,0,58,65,12,0.0,2
209,2,2,64497.0,0,1,17,0,70,1804,37,0.2,0
210,2,5,46097.0,0,1,11,0,68,241,19,0.0,1
211,2,5,77972.0,0,0,18,0,70,1101,21,0.0,1
212,4,3,44377.0,1,1,70,0,56,264,27,0.0,1
215,2,3,41443.0,1,0,79,0,47,482,28,0.0,2
216,0,4,52195.0,2,1,2,0,46,17,12,0.0,2
217,3,3,83790.0,0,0,81,0,76,1615,28,0.4,0
218,3,6,44551.0,0,1,24,0,70,285,19,0.0,1
219,2,5,69508.0,1,0,48,0,44,1135,34,0.0,1
220,0,5,45204.0,1,0,93,0,36,114,10,0.0,2
221,2,3,72460.0,0,0,56,0,55,1047,17,0.0,1
222,4,5,77622.0,0,2,3,0,54,714,25,0.0,1
223,4,3,30732.0,1,0,44,0,44,185,21,0.0,2
224,2,2,63887.0,0,1,38,0,62,1245,38,0.0,1
225,2,5,42011.0,1,0,46,0,46,189,20,0.0,2
226,2,5,51369.0,0,1,84,0,48,576,24,0.0,1
227,2,2,51537.0,0,1,27,0,72,1103,26,0.0,1
228,4,3,79930.0,0,0,72,0,52,1753,19,0.0,1
229,4,5,34320.0,1,0,66,0,38,17,12,0.0,2
231,0,2,81975.0,0,1,2,0,62,1588,21,0.2,0
232,2,5,38590.0,1,0,65,0,53,22,12,0.0,2
233,2,4,15033.0,0,0,37,0,73,19,8,0.0,2
234,4,3,62745.0,0,1,89,0,59,1117,34,0.0,1
235,0,3,22212.0,1,0,49,0,49,69,14,0.0,2
236,3,5,23661.0,1,0,46,0,42,23,12,0.0,2
237,4,4,79761.0,0,1,32,0,66,605,22,0.0,1
238,2,4,7500.0,1,0,54,0,51,57,18,0.0,2
241,2,5,64961.0,0,1,97,0,66,1009,19,0.0,1
242,2,4,22804.0,1,0,75,0,53,26,14,0.0,2
244,2,3,61074.0,0,1,37,0,66,1102,38,0.0,1
245,4,3,31686.0,1,1,31,0,60,17,12,0.0,2
246,2,3,80134.0,1,0,40,0,52,1690,22,0.6,0
247,2,3,75027.0,0,1,74,0,71,1390,26,0.0,1
248,4,3,67546.0,0,0,90,0,36,2126,23,0.0,1
250,3,4,31160.0,1,0,59,0,49,64,15,0.0,2
251,2,4,29938.0,1,0,52,0,39,26,12,0.0,2
253,0,5,26490.0,0,0,92,0,66,210,17,0.0,2
254,2,5,75702.0,1,1,77,0,57,1148,34,0.0,1
255,4,4,30899.0,1,0,35,0,50,33,12,0.0,2
256,4,5,63342.0,0,1,48,0,63,1101,25,0.2,1
257,2,4,45989.0,0,1,97,0,60,322,19,0.0,1
258,2,4,18701.0,1,1,95,0,60,44,15,0.0,2
259,4,4,40737.0,2,1,24,0,67,17,12,0.0,2
260,2,2,15287.0,1,0,60,0,45,31,13,0.2,2
261,4,2,69674.0,0,2,46,0,56,845,30,0.0,1
262,3,3,44159.0,1,0,85,0,54,275,20,0.0,2
263,4,3,37717.0,1,0,31,0,46,25,13,0.0,2
264,3,5,43776.0,1,1,9,0,72,275,25,0.0,1
265,3,3,38179.0,1,1,30,0,58,90,18,0.0,2
267,4,3,38097.0,1,1,70,0,54,184,18,0.2,2
268,2,3,72940.0,0,0,13,0,54,981,14,0.0,1
269,2,5,22070.0,1,0,11,0,54,67,14,0.0,2
270,2,4,69267.0,0,0,31,0,71,1635,21,0.0,1
271,3,4,31788.0,1,0,15,1,41,60,15,0.0,3
272,4,5,61905.0,0,1,2,0,49,231,17,0.0,1
273,2,3,29315.0,1,1,55,0,64,48,16,0.0,2
274,2,2,33378.0,1,1,38,0,61,99,16,0.0,2
275,4,5,66313.0,0,1,86,0,61,770,27,0.0,1
277,3,5,77882.0,0,0,29,0,43,818,13,0.0,1
278,4,4,69867.0,0,0,30,0,38,925,18,0.2,0
279,3,2,63841.0,0,1,64,0,56,908,28,0.0,1
280,1,3,24480.0,1,0,46,0,43,102,17,0.0,2
281,2,5,51369.0,0,1,84,0,48,576,24,0.0,1
282,2,5,37760.0,0,0,20,0,78,317,20,0.0,1
283,4,5,65640.0,0,1,74,0,50,461,17,0.0,1
284,3,3,44319.0,1,1,18,0,49,37,12,0.0,2
285,2,3,30631.0,1,0,75,0,50,70,14,0.0,2
286,2,5,75278.0,0,0,17,0,72,930,26,0.0,1
289,3,2,35416.0,0,0,62,0,75,390,24,0.0,1
290,0,5,32414.0,0,0,11,0,40,52,12,0.2,2
291,2,5,38361.0,1,0,74,0,55,137,17,0.0,2
293,2,5,16626.0,2,0,76,0,53,68,18,0.0,2
294,2,5,29672.0,1,1,6,0,59,25,10,0.0,2
295,3,5,55951.0,0,1,62,0,72,1374,31,0.4,0
296,0,2,35388.0,1,0,20,0,36,32,12,0.0,2
297,3,5,42386.0,1,0,43,0,38,100,15,0.0,2
298,2,4,68627.0,0,0,45,0,42,825,13,0.0,1
299,4,2,57912.0,0,1,34,0,59,916,33,0.2,1
300,2,2,35246.0,1,1,53,0,66,62,16,0.0,2
301,0,5,58821.0,0,1,44,0,68,728,27,0.0,1
302,4,3,46377.0,1,0,89,0,46,90,11,0.0,2
303,2,4,39747.0,1,0,43,0,36,273,21,0.0,2
304,2,5,23976.0,1,0,68,0,40,66,17,0.0,2
306,2,6,27038.0,0,0,64,0,58,107,16,0.0,2
307,2,4,77457.0,0,0,85,0,77,1157,19,0.2,0
308,3,3,64100.0,0,1,93,0,60,546,25,0.2,1
309,3,5,42670.0,0,0,12,0,32,241,15,0.0,2
310,2,2,12571.0,1,0,86,0,48,53,17,0.0,2
311,2,3,22574.0,2,1,28,0,57,37,14,0.0,2
312,2,3,51381.5,0,0,69,0,35,1611,27,0.4,0
313,3,4,70893.0,0,0,42,0,48,1508,26,0.0,1
314,2,3,54198.0,1,1,13,0,58,235,20,0.0,2
315,3,5,28839.0,1,1,86,0,68,32,12,0.0,2
316,2,3,40321.0,1,1,59,0,52,102,15,0.0,2
317,2,4,66503.0,1,0,30,0,39,401,18,0.0,2
318,2,3,30833.0,1,1,33,0,73,28,11,0.0,2
319,2,4,51381.5,1,2,67,0,54,1052,28,0.4,0
320,2,3,64795.0,0,1,23,0,53,680,23,0.0,1
321,2,3,34421.0,1,0,81,0,50,30,11,0.0,2
322,4,2,47025.0,1,1,6,0,59,20,11,0.0,2
323,4,2,64325.0,0,1,41,0,63,1307,30,0.0,1
324,2,4,40464.0,0,1,78,0,71,630,32,0.0,1
325,2,3,62187.0,0,0,49,0,67,1283,21,0.0,1
326,4,2,14849.0,1,0,39,0,48,65,17,0.0,2
327,2,3,27255.0,1,0,3,0,40,37,12,0.0,2
328,4,3,54432.0,2,1,37,0,74,38,9,0.0,2
329,4,4,29999.0,1,0,22,0,38,160,20,0.0,2
330,2,4,24072.0,1,0,79,0,41,23,12,0.0,2
331,4,4,33996.0,0,0,46,0,35,71,10,0.0,2
332,4,3,66334.0,0,1,82,0,68,1161,24,0.0,1
333,3,3,35178.0,1,0,10,0,53,59,12,0.2,2
334,2,5,22010.0,1,0,51,0,41,33,15,0.0,2
335,2,2,62204.0,0,2,38,0,64,946,25,0.0,1
337,2,3,30675.0,1,0,14,0,52,62,13,0.0,2
338,2,5,83003.0,0,0,18,0,59,1674,25,0.2,0
340,2,4,68655.0,0,0,95,0,36,1538,24,0.0,1
341,2,2,41411.0,0,0,11,0,38,139,14,0.0,2
342,4,3,55212.0,0,1,65,0,55,1182,28,0.4,0
343,4,5,59292.0,0,1,71,0,74,507,21,0.0,1
344,1,5,27190.0,1,0,13,0,51,18,12,0.2,2
346,2,3,44300.0,1,1,65,0,59,42,12,0.0,2
348,2,6,30372.0,1,1,33,0,53,44,15,0.0,2
349,3,3,33181.0,1,0,90,0,48,16,10,0.2,2
350,2,3,71113.0,0,1,95,0,67,835,30,0.0,1
351,2,3,71952.0,1,0,93,0,38,1443,26,0.4,0
352,4,4,69759.0,0,0,38,0,58,1029,21,0.0,1
353,2,3,72099.0,0,0,18,0,50,1188,19,0.0,1
354,4,4,60000.0,0,1,57,0,48,1277,30,0.0,1
355,2,4,38643.0,1,1,45,1,46,49,14,0.0,3
356,2,3,50737.0,0,1,61,0,69,99,13,0.2,1
357,4,3,68462.0,0,0,6,0,55,1670,16,0.0,1
358,3,3,65073.0,0,0,65,1,81,900,16,0.0,3
359,4,5,46681.0,0,2,52,0,76,425,21,0.0,1
361,4,6,62187.0,0,1,38,0,55,636,25,0.0,1
362,2,3,28442.0,2,0,53,0,46,57,14,0.0,2
363,4,3,37717.0,1,0,31,0,46,25,13,0.0,2
364,2,3,51479.0,1,1,67,0,57,494,29,0.0,1
365,2,4,54803.0,0,1,65,0,55,693,23,0.0,1
366,2,3,79530.0,0,0,64,0,64,1348,28,0.0,1
367,2,2,31615.0,1,0,82,0,48,51,14,0.0,2
369,4,4,52614.0,0,1,63,0,49,990,24,0.0,1
370,0,3,35684.0,1,0,66,0,40,30,11,0.0,2
371,2,3,48178.0,1,1,69,0,49,254,24,0.0,2
372,3,4,29548.0,1,0,52,0,54,29,9,0.2,2
373,2,4,63810.0,0,1,45,0,58,1371,31,0.2,1
374,4,4,38578.0,1,1,2,0,52,73,17,0.0,2
375,3,4,46098.0,1,1,86,0,49,120,19,0.0,2
376,2,4,22585.0,0,0,23,0,54,81,14,0.2,2
377,2,4,30279.0,1,0,13,0,35,37,13,0.0,2
378,4,5,66426.0,0,1,14,0,63,1377,26,0.0,1
379,2,4,30822.0,1,0,92,0,55,51,12,0.0,2
380,4,3,33581.0,2,0,38,0,55,17,12,0.0,2
381,2,3,19986.0,1,0,74,0,39,22,11,0.0,2
382,2,6,27421.0,0,0,14,0,70,324,21,0.0,2
383,0,3,35688.0,2,1,94,0,51,211,24,0.0,2
384,3,4,36143.0,1,0,33,0,43,19,7,0.0,2
385,2,4,10245.0,1,0,32,0,53,41,13,0.0,2
386,3,5,43795.0,0,1,11,0,56,492,24,0.2,1
387,2,5,63381.0,0,1,78,0,64,1005,28,0.0,1
388,2,5,38823.0,0,1,56,0,75,114,13,0.0,1
389,4,2,83664.0,1,1,57,0,56,1173,24,0.0,1
390,2,5,90300.0,0,0,7,0,45,1738,20,0.2,0
391,3,5,62499.0,1,0,0,0,45,222,16,0.0,2
393,4,3,51012.0,0,0,86,0,78,209,16,0.0,1
394,3,3,70777.0,0,1,80,0,56,787,26,0.0,1
395,4,5,68682.0,0,0,56,0,33,1598,26,0.0,1
396,2,3,43824.0,1,1,18,0,53,186,20,0.0,2
397,2,5,15345.0,1,0,51,0,40,47,14,0.0,2
398,2,4,23442.0,1,0,71,0,37,27,12,0.0,2
399,0,5,14515.0,1,0,71,0,44,96,18,0.0,2
400,0,2,31395.0,1,1,80,0,68,64,16,0.0,2
401,2,5,75276.0,0,0,2,0,59,1040,28,0.0,1
402,2,4,42373.0,1,1,83,0,50,163,18,0.0,2
403,2,5,30507.0,0,0,29,0,64,343,18,0.0,2
405,2,3,48006.0,1,1,55,0,59,41,11,0.0,2
406,4,4,27213.0,1,0,19,0,52,70,17,0.0,2
407,4,2,65808.0,1,1,1,0,53,272,20,0.0,1
408,4,5,30351.0,1,0,19,0,50,46,15,0.0,2
409,2,3,50437.0,0,2,28,0,61,490,26,0.0,1
410,0,4,23616.0,1,0,76,0,42,79,16,0.0,2
411,2,3,53858.0,0,1,50,0,48,915,21,0.0,1
412,4,3,66465.0,0,1,1,0,69,1485,41,0.2,1
413,2,4,46923.0,1,0,90,0,37,369,23,0.0,2
414,2,5,75072.0,0,1,83,0,62,1073,22,0.0,1
415,4,3,75865.0,0,0,73,0,81,1242,20,0.0,1
416,0,5,19789.0,1,0,24,0,49,78,14,0.2,2
417,2,5,80134.0,0,0,11,0,30,1378,26,0.8,0
418,2,4,91065.0,0,0,33,0,43,1474,29,0.4,0
420,4,3,37401.0,1,0,14,0,51,48,14,0.0,2
421,2,3,30096.0,1,0,30,0,41,45,12,0.0,2
422,3,5,18492.0,1,0,75,0,42,10,12,0.0,2
423,3,3,82584.0,0,0,26,0,50,1435,17,0.4,0
424,4,3,93027.0,0,0,77,0,83,2119,24,0.2,0
425,2,3,48686.0,1,2,8,0,71,20,12,0.0,2
426,2,3,92910.0,0,0,42,0,38,1795,28,0.6,0
427,2,3,75433.0,1,0,28,0,35,1188,25,0.4,0
428,0,5,10404.0,1,0,52,0,35,43,12,0.0,2
430,4,4,84865.0,0,0,1,0,63,1688,20,0.8,0
431,2,3,42387.0,1,0,42,0,35,684,29,0.0,2
433,2,3,75236.0,0,1,27,0,60,1068,29,0.0,1
434,2,4,30015.0,1,0,28,0,54,57,12,0.0,2
435,3,5,50943.0,0,1,49,0,68,46,10,0.0,1
436,2,2,67272.0,0,1,12,0,58,733,28,0.0,1
437,3,6,51529.0,0,1,14,0,75,467,25,0.0,1
438,4,3,32011.0,1,0,89,0,53,122,17,0.0,2
439,0,3,7500.0,1,0,96,0,38,36,15,0.0,2
440,2,3,28691.0,1,0,56,0,35,34,13,0.0,2
441,4,3,56223.0,0,1,72,0,76,156,14,0.0,1
442,2,3,18100.0,0,0,14,0,78,14,9,0.0,2
443,2,4,30279.0,1,0,13,0,35,37,13,0.0,2
444,0,3,20130.0,0,0,99,0,50,34,13,0.0,2
445,2,2,23295.0,0,0,72,0,65,20,12,0.0,2
446,3,2,42618.0,1,0,92,0,52,192,19,0.0,2
448,2,3,24027.0,1,0,7,0,48,48,15,0.0,2
449,4,3,55707.0,0,1,91,0,71,428,19,0.0,1
450,2,4,57959.0,0,1,71,0,69,868,30,0.0,1
451,2,3,56796.0,0,1,24,0,55,1001,34,0.0,1
452,3,4,36230.0,1,0,17,0,53,59,12,0.0,2
453,0,3,70829.0,1,1,87,0,44,431,19,0.0,2
454,2,3,65991.0,0,1,21,0,48,971,34,0.0,1
455,2,3,38988.0,1,2,90,0,52,348,27,0.0,1
457,3,3,42207.0,1,0,71,0,40,265,20,0.2,2
458,2,3,50300.0,0,1,52,0,72,270,15,0.0,1
460,2,3,60597.0,0,1,2,0,60,893,23,0.2,1
462,4,6,50520.0,0,1,25,0,66,135,15,0.0,1
464,2,3,33183.0,1,0,46,0,49,120,16,0.0,2
465,4,4,66582.0,0,0,83,0,55,1288,21,0.0,1
466,4,5,75261.0,0,0,17,0,69,1743,19,0.4,0
467,2,6,31880.0,1,0,13,0,54,15,12,0.0,2
468,2,3,53790.0,0,2,86,0,73,542,26,0.0,1
469,4,5,49269.0,1,0,92,0,53,890,32,0.0,1
471,2,3,37406.0,1,0,18,0,44,17,12,0.0,2
472,4,5,56937.0,1,0,81,0,43,906,36,0.2,0
473,2,3,38415.0,1,1,91,0,46,44,13,0.0,2
474,2,4,20518.0,1,0,58,0,36,25,10,0.0,2
475,2,3,62503.0,0,1,40,0,68,973,31,0.0,1
476,4,4,41644.0,1,1,67,0,52,31,9,0.0,2
477,3,3,55842.0,0,1,19,0,47,518,22,0.0,1
478,4,3,62010.0,0,1,93,0,52,530,24,0.0,1
479,2,3,41124.0,1,0,41,0,47,506,29,0.0,2
480,3,3,38961.0,1,0,60,0,51,70,13,0.0,2
481,3,2,37760.0,1,0,54,0,52,54,12,0.0,2
482,2,4,32233.0,1,0,26,0,50,296,21,0.2,2
483,2,3,43057.0,0,1,30,0,49,266,20,0.0,1
484,3,5,83151.0,0,0,93,0,64,747,22,0.0,1
485,4,2,78825.0,0,0,35,0,60,895,32,0.0,1
486,3,5,65104.0,0,1,4,0,48,1053,24,0.0,1
487,2,3,60093.0,0,1,92,0,50,735,27,0.0,1
488,2,3,14045.0,1,0,24,0,55,20,12,0.0,2
489,0,6,28457.0,0,0,96,0,72,205,18,0.0,2
490,4,5,78952.0,0,1,11,0,66,2092,27,0.0,1
491,2,2,46310.0,1,0,99,0,48,309,22,0.0,2
493,3,4,58308.0,0,1,77,0,60,900,23,0.0,1
494,4,2,55614.0,0,0,85,0,80,682,27,0.2,1
495,3,2,59432.0,0,1,88,0,62,663,27,0.0,1
496,2,2,55563.0,0,1,22,0,46,43,9,0.0,2
498,4,5,67911.0,0,1,63,0,75,976,30,0.0,1
499,2,3,65275.0,0,0,9,0,80,746,23,0.0,1
500,2,5,27203.0,1,1,92,0,74,64,14,0.0,2
501,3,5,48330.0,0,1,2,0,63,32,10,0.0,2
502,1,3,24279.0,0,0,6,0,34,263,17,0.0,2
503,4,3,64355.0,1,0,66,0,39,1445,29,0.0,1
504,3,5,50943.0,0,1,49,0,68,46,10,0.0,1
505,2,6,53653.0,0,0,29,0,71,1210,34,0.0,1
507,2,4,81217.0,0,0,77,0,35,1157,23,0.0,1
508,2,3,34935.0,0,0,71,0,32,137,15,0.0,2
509,2,2,61250.0,0,1,49,0,65,730,30,0.0,1
510,4,5,39665.0,1,0,97,0,43,216,19,0.2,2
511,2,4,60152.0,0,1,6,0,45,943,26,0.0,1
512,2,3,48920.0,0,2,93,0,60,347,23,0.2,1
513,3,5,89120.0,0,0,78,0,65,1924,20,0.2,0
514,4,5,44124.0,0,1,62,0,78,397,25,0.0,1
515,3,4,81169.0,0,0,47,0,49,2089,24,0.0,1
516,2,3,36443.0,1,1,9,0,63,138,19,0.0,2
517,2,4,26095.0,1,0,77,0,34,42,12,0.0,2
518,2,5,71367.0,0,0,24,0,65,777,19,0.0,1
519,3,3,80184.0,0,0,19,0,80,1902,23,0.4,0
520,2,2,30630.0,1,1,67,0,59,52,14,0.0,2
521,3,4,73454.0,0,0,95,0,37,1651,18,0.2,0
522,2,3,42691.0,0,0,48,0,33,358,18,0.0,2
524,2,3,25545.0,1,0,35,0,37,210,16,0.0,2
525,2,3,32880.0,1,0,76,0,38,42,13,0.0,2
526,4,5,77863.0,0,0,20,0,66,1291,22,0.0,1
527,3,3,50353.0,0,0,72,0,47,442,18,0.0,1
529,4,3,49154.0,1,1,69,0,64,411,25,0.0,1
530,0,6,47682.0,0,1,80,0,49,521,24,0.0,1
531,2,4,72679.0,0,1,65,0,55,1168,18,0.0,1
532,3,5,57954.0,1,1,52,0,47,493,30,0.2,1
533,2,3,65316.0,1,1,65,0,62,260,16,0.0,2
534,2,4,28567.0,1,0,57,0,42,46,13,0.0,2
535,3,5,47352.0,0,1,70,0,73,319,23,0.0,1
536,2,5,44931.0,0,1,0,0,57,96,12,0.0,2
538,0,5,57247.0,0,1,50,0,72,232,14,0.0,1
539,3,4,22944.0,1,0,67,0,43,76,16,0.0,2
540,0,5,25315.0,1,0,46,0,47,54,17,0.0,2
541,2,6,43638.0,0,1,37,0,55,201,18,0.0,1
542,4,4,42710.0,1,0,38,0,40,406,20,0.0,2
544,2,5,54058.0,0,1,56,0,48,662,23,0.0,1
545,0,3,24683.0,1,0,98,0,34,41,13,0.0,2
547,2,3,47850.0,1,0,72,0,44,134,14,0.0,2
548,2,3,19514.0,1,1,47,0,56,69,18,0.2,2
549,3,3,27159.0,1,1,33,0,51,21,12,0.0,2
550,0,4,39548.0,1,1,87,0,61,54,10,0.0,2
551,2,4,21474.0,1,0,0,0,35,91,15,0.2,2
552,4,4,60504.0,0,1,73,0,53,526,24,0.0,1
553,2,3,22419.0,0,0,74,0,61,162,16,0.0,2
554,3,3,81698.0,0,0,4,0,75,1008,26,0.0,1
555,2,5,43462.0,1,1,50,0,72,240,24,0.0,1
556,4,4,54880.0,1,0,57,0,46,795,26,0.0,1
558,0,3,15315.0,0,0,27,0,54,64,13,0.0,2
560,2,3,33039.0,1,0,4,0,46,78,12,0.0,2
562,3,5,71499.0,0,1,12,0,53,795,30,0.0,1
563,0,3,62466.0,0,1,13,0,54,889,30,0.0,1
564,4,2,48799.0,0,1,9,0,61,331,18,0.0,1
565,4,5,52157.0,0,1,48,0,74,265,16,0.0,1
566,2,4,66565.0,0,1,80,0,62,1065,27,0.0,1
567,3,5,29298.0,1,1,60,0,73,11,9,0.0,2
568,2,4,47691.0,0,1,43,0,45,21,10,0.0,2
569,2,5,38200.0,1,1,19,0,54,17,11,0.0,2
570,2,3,44989.0,0,1,26,0,50,369,22,0.0,1
571,4,3,38443.0,1,1,58,0,56,38,13,0.0,2
572,0,4,38593.0,1,0,42,0,46,177,19,0.0,2
573,4,5,64413.0,0,1,27,0,54,279,17,0.0,1
574,3,3,36959.0,1,0,56,0,43,62,15,0.0,2
575,4,3,61996.0,0,1,27,0,47,1230,26,0.6,0
576,2,3,51287.0,1,1,10,0,56,182,18,0.0,2
577,2,3,13260.0,1,1,48,0,54,49,18,0.0,2
578,4,5,47472.0,1,1,39,0,58,75,13,0.0,2
579,3,5,54603.0,1,1,85,0,68,227,23,0.0,1
580,4,3,45207.0,1,1,64,0,50,215,21,0.2,2
581,2,5,40689.0,0,1,69,0,73,444,28,0.0,1
582,0,5,47821.0,1,1,54,0,57,47,13,0.0,2
583,3,3,27450.0,0,0,57,0,73,143,14,0.0,2
584,2,5,39453.0,1,0,64,0,41,55,13,0.0,2
585,0,5,26850.0,1,1,10,0,53,63,15,0.0,2
587,3,3,61794.0,0,1,74,0,63,611,22,0.0,1
588,2,5,53863.0,0,1,4,0,69,473,25,0.2,1
589,2,5,24221.0,0,0,94,0,65,55,10,0.0,2
590,4,4,39684.0,1,0,41,1,40,81,14,0.0,3
592,3,4,69882.0,0,0,94,0,59,1478,21,0.0,1
593,2,5,33178.0,1,0,9,0,47,49,9,0.0,2
594,4,3,59973.0,0,0,47,0,52,382,16,0.0,1
595,3,5,17459.0,1,0,12,0,49,69,16,0.0,2
596,2,2,23910.0,1,0,80,0,55,67,13,0.0,2
597,3,3,42169.0,1,1,20,0,55,30,14,0.0,2
598,0,3,26224.0,1,0,39,0,46,63,15,0.0,2
599,2,5,31089.0,1,0,57,0,43,79,18,0.0,2
600,2,4,30081.0,0,1,27,0,63,42,12,0.0,2
601,2,5,62807.0,0,1,83,0,64,819,28,0.0,1
602,2,4,72906.0,0,0,79,0,69,1151,18,0.0,1
603,4,3,61467.0,0,2,69,0,76,594,25,0.0,1
604,3,5,49618.0,1,1,77,0,58,129,18,0.0,2
605,3,4,21888.0,1,0,15,0,38,213,22,0.0,2
606,2,6,42429.0,0,1,99,0,51,67,12,0.0,2
607,2,2,26150.0,2,1,61,0,68,28,12,0.0,2
608,1,3,30801.0,0,1,23,0,49,45,13,0.0,2
609,2,3,81168.0,0,0,84,0,59,1193,21,0.2,0
610,3,4,26877.0,0,0,74,0,55,268,18,0.0,2
611,3,6,45006.0,0,0,90,0,80,266,15,0.0,1
612,1,3,18978.0,1,0,41,0,51,37,13,0.0,2
613,2,3,22574.0,2,1,28,0,57,37,14,0.0,2
614,4,4,48240.0,0,0,73,0,55,882,30,0.0,1
615,2,3,45837.0,1,1,88,0,50,373,25,0.0,2
616,3,4,35791.0,2,1,94,0,59,35,14,0.0,2
618,2,6,54162.0,1,1,31,0,46,42,9,0.0,2
619,3,3,30522.0,0,1,6,0,64,326,19,0.0,1
620,4,3,54456.0,0,1,23,0,63,404,23,0.0,1
621,2,4,31632.0,0,0,92,0,53,95,13,0.0,2
622,2,6,72298.0,0,0,52,0,75,939,15,0.4,0
623,0,4,36975.0,1,0,50,0,46,33,12,0.0,2
624,0,3,72635.0,0,0,54,0,69,981,24,0.2,0
625,2,3,13624.0,1,0,93,0,48,36,13,0.0,2
627,2,5,70971.0,0,1,28,0,64,1825,41,0.0,1
628,4,2,34487.0,1,1,94,0,47,103,18,0.0,2
629,2,4,28769.0,1,0,76,0,47,191,21,0.0,2
630,4,3,69084.0,1,0,43,0,54,1586,33,0.0,1
631,4,5,65488.0,0,0,46,0,66,963,15,0.0,1
632,0,3,62466.0,0,1,13,0,54,889,30,0.0,1
633,0,4,32218.0,0,0,27,0,64,93,14,0.2,2
635,2,2,46102.0,2,1,3,0,62,16,11,0.0,2
636,2,4,84574.0,0,0,72,0,72,1375,37,0.0,1
637,2,3,56181.0,0,1,6,0,62,393,18,0.0,1
638,3,2,63120.0,0,1,53,0,74,1477,33,0.0,1
639,2,3,73691.0,0,1,58,0,53,1179,20,0.2,1
640,2,5,63381.0,0,1,78,0,64,1005,28,0.0,1
641,4,5,76140.0,0,0,57,0,76,1348,23,0.0,1
642,4,2,62859.0,0,1,37,0,65,1307,29,0.0,1
643,2,4,45906.0,0,1,20,0,60,486,20,0.2,1
644,3,5,77632.0,0,0,73,0,77,2252,15,0.4,0
645,4,3,46463.0,1,1,56,0,53,235,23,0.0,2
647,3,2,55282.0,1,0,9,0,54,235,15,0.0,2
648,3,3,78710.0,0,1,42,0,47,1092,32,0.0,1
649,2,5,66886.0,0,1,28,0,66,599,22,0.0,1
650,3,4,98777.0,0,0,23,0,64,2008,20,0.2,0
651,2,5,29103.0,1,0,38,0,39,48,15,0.0,2
652,2,3,67445.0,0,1,63,0,50,1174,38,0.0,1
653,4,5,50616.0,0,1,71,0,74,67,9,0.0,1
654,2,2,49431.0,0,1,9,0,69,365,23,0.0,1
656,2,5,61278.0,0,1,87,0,71,165,16,0.0,1
657,0,5,26490.0,0,0,92,0,66,210,17,0.0,2
658,4,5,73059.0,0,1,36,0,77,1095,30,0.0,1
659,4,4,46734.0,1,2,86,0,58,223,18,0.2,1
660,2,5,56253.0,0,1,83,0,61,597,28,0.0,1
661,2,3,19986.0,1,0,74,0,39,22,11,0.0,2
662,2,6,58330.0,0,1,87,0,49,1064,28,0.0,1
663,1,3,25965.0,0,0,29,0,44,74,14,0.0,2
664,3,5,14661.0,0,0,88,0,68,26,11,0.0,2
665,2,3,18690.0,0,0,77,0,65,60,13,0.0,2
666,4,5,45068.0,0,1,25,0,50,20,11,0.0,2
667,1,4,21063.0,1,0,34,0,37,59,13,0.0,2
668,4,3,29187.0,1,0,43,0,56,34,13,0.0,2
669,0,3,54690.0,1,1,76,0,53,198,15,0.0,2
670,4,3,59304.0,0,1,81,0,60,1048,33,0.0,1
671,3,4,59247.0,0,2,87,0,62,574,27,0.0,1
673,2,3,77353.0,0,1,38,0,44,670,24,0.0,1
674,4,4,52614.0,0,1,63,0,49,990,24,0.0,1
675,2,3,26751.0,2,0,26,0,50,11,12,0.0,2
676,4,3,81300.0,0,1,17,0,61,1241,26,0.2,0
677,2,4,70337.0,0,0,75,0,45,576,18,0.0,1
678,0,3,36145.0,1,0,13,0,39,172,21,0.2,2
679,4,4,65295.0,0,0,19,0,44,664,22,0.0,1
680,2,2,68118.0,0,1,51,0,61,928,29,0.0,1
681,2,2,68743.0,0,0,81,0,57,2074,37,0.0,1
682,0,5,41039.0,0,0,32,0,42,467,23,0.0,2
683,2,5,38946.0,0,1,84,0,69,257,17,0.0,1
684,2,5,65777.0,0,0,87,0,57,1146,18,0.0,1
685,4,2,66476.0,0,1,99,0,48,689,24,0.0,1
686,4,4,86857.0,0,0,96,0,52,2114,24,0.0,1
688,4,5,77845.0,0,0,40,0,35,1346,22,0.4,0
689,4,5,69476.0,0,0,3,0,55,1044,17,0.0,1
690,4,2,50611.0,0,1,98,0,64,493,28,0.2,1
691,2,4,61209.0,0,0,73,0,54,957,15,0.0,1
692,3,5,42315.0,0,1,90,0,66,270,15,0.0,1
693,1,5,13084.0,0,0,29,0,72,29,11,0.0,2
694,3,6,47570.0,1,1,3,0,75,121,16,0.0,2
695,3,3,61923.0,0,2,94,0,63,126,11,0.0,1
696,2,4,34824.0,0,0,65,0,29,23,10,0.0,2
697,4,4,26518.0,1,1,33,0,75,57,16,0.0,2
698,2,4,45938.0,0,0,46,0,63,636,26,0.0,1
699,2,5,78468.0,0,0,29,0,64,1004,32,0.2,0
700,2,2,78901.0,0,1,99,0,51,734,24,0.0,1
701,2,3,71427.0,2,0,26,0,46,614,24,0.0,2
703,3,4,90247.0,0,0,27,0,36,1621,16,0.6,0
704,3,2,41335.0,1,0,24,0,56,187,19,0.0,2
705,2,3,71952.0,1,0,93,0,38,1443,26,0.4,0
706,4,2,35682.0,1,0,34,0,54,57,8,0.0,2
707,2,2,43185.0,0,1,88,0,73,637,28,0.0,1
708,4,5,66375.0,0,1,96,0,76,948,21,0.2,1
709,3,3,35178.0,1,0,10,0,53,59,12,0.2,2
710,2,3,25252.0,1,0,26,0,38,18,12,0.0,2
711,3,4,55250.0,0,1,49,0,59,903,31,0.0,1
712,2,4,33249.0,1,0,11,0,49,112,14,0.0,2
713,2,5,58398.0,0,0,44,0,71,596,24,0.0,1
714,2,5,50272.0,1,0,75,0,42,233,20,0.0,2
716,0,2,87305.0,0,0,19,0,64,1152,19,0.2,0
717,2,5,25851.0,1,0,45,0,46,48,14,0.0,2
718,2,2,58710.0,0,1,77,0,54,1185,37,0.0,1
719,2,4,45160.0,1,1,9,0,66,21,11,0.0,2
720,3,3,74806.0,0,1,1,0,59,965,20,0.0,1
721,2,3,59111.0,0,0,90,0,70,869,28,0.0,1
722,4,3,18988.0,1,0,43,0,40,16,13,0.0,2
724,2,3,7500.0,1,0,19,0,48,71,21,0.2,2
725,2,3,44794.0,0,1,99,0,58,65,12,0.0,2
726,2,3,80395.0,0,0,62,0,69,1380,26,0.2,0
727,3,2,75012.0,0,0,41,0,48,1027,24,0.0,1
728,3,3,56962.0,2,1,60,0,59,411,28,0.0,2
729,2,5,89891.0,0,0,17,0,33,836,30,0.2,0
730,4,2,35946.0,1,1,24,0,75,11,9,0.0,2
731,4,5,53593.0,1,1,60,0,71,480,31,0.0,1
732,2,3,66373.0,1,1,57,0,46,606,26,0.0,1
733,4,2,45072.0,1,2,74,0,76,284,24,0.0,1
734,2,2,89694.0,1,1,22,0,51,1472,19,0.6,0
735,2,3,72025.0,0,0,46,0,75,1677,28,0.6,0
736,2,3,67432.0,0,1,69,0,51,1335,23,0.0,1
737,3,5,70545.0,0,1,29,0,72,334,15,0.0,1
738,1,3,17487.0,1,0,37,0,35,18,11,0.0,2
739,2,5,62882.0,0,1,26,0,55,1338,24,0.0,1
740,4,4,64108.0,0,1,8,0,71,1099,35,0.0,1
741,3,5,34941.0,1,1,26,0,68,97,16,0.0,2
742,4,4,48767.0,1,2,79,0,74,63,14,0.0,1
743,0,5,38702.0,1,0,71,0,46,109,15,0.0,2
744,2,3,82224.0,0,0,83,0,60,902,24,0.2,0
745,2,5,83844.0,0,0,57,0,72,1574,21,0.2,0
746,0,3,17003.0,1,0,37,0,49,38,14,0.0,2
747,2,4,71163.0,0,0,30,0,29,960,25,0.0,1
748,2,4,33697.0,1,0,34,0,54,28,11,0.2,2
749,0,3,63564.0,0,0,0,0,70,1215,34,0.2,0
750,4,5,83443.0,0,0,89,0,52,1497,24,0.0,1
751,4,5,51518.0,0,1,92,0,66,449,20,0.0,1
752,2,6,58330.0,0,1,87,0,49,1064,28,0.0,1
754,2,5,75507.0,0,0,56,0,45,1440,24,0.0,1
755,0,5,63855.0,0,0,28,0,46,1006,28,0.0,1
756,4,5,62220.0,0,1,55,0,52,1226,29,0.0,1
757,2,3,58512.0,0,1,25,0,60,1171,28,0.0,1
758,3,3,40662.0,1,0,0,0,45,92,12,0.0,2
759,4,3,38829.0,0,1,86,0,65,99,13,0.0,1
760,0,3,35523.0,1,0,8,0,43,66,15,0.0,2
761,2,4,79146.0,1,1,33,0,57,564,25,0.0,1
762,3,3,78285.0,0,0,13,0,36,1427,24,0.0,1
763,4,4,31626.0,1,0,12,0,46,86,13,0.2,2
765,2,3,48726.0,0,1,90,0,69,242,18,0.0,1
767,2,5,67430.0,0,0,6,0,37,1364,35,0.0,1
768,0,3,46891.0,0,1,91,0,59,183,12,0.0,2
769,3,3,62058.0,0,1,52,0,68,450,24,0.0,1
770,2,3,72063.0,0,1,3,0,45,758,23,0.0,1
772,2,4,42720.0,1,1,9,0,59,654,33,0.0,1
773,2,3,33622.0,1,1,22,0,52,81,16,0.0,2
775,2,5,41452.0,1,1,86,0,71,16,11,0.0,2
776,4,4,40760.0,0,1,64,0,59,93,14,0.0,1
777,4,5,74250.0,0,0,90,0,66,1158,19,0.0,1
778,3,4,51124.0,1,1,79,0,69,43,9,0.0,2
781,2,5,36283.0,1,1,42,0,48,29,10,0.0,2
782,2,4,20587.0,1,0,39,0,54,25,12,0.0,2
783,2,3,30467.0,1,0,8,0,52,24,11,0.0,2
784,2,5,31590.0,1,0,40,0,52,38,13,0.0,2
785,1,3,20425.0,1,0,5,0,38,57,14,0.0,2
786,3,5,17144.0,1,1,96,0,64,47,19,0.0,2
787,4,2,42564.0,0,1,28,0,56,813,31,0.2,1
788,3,3,43783.0,1,0,22,0,46,629,29,0.2,2
789,2,2,40780.0,0,1,30,0,48,377,26,0.0,1
791,4,3,82017.0,0,0,58,0,67,729,19,0.6,0
792,2,4,16813.0,0,0,49,0,74,50,13,0.2,2
793,2,3,51267.0,1,1,37,0,46,270,19,0.0,2
794,2,4,46524.0,0,1,70,0,63,177,12,0.0,2
795,3,4,45183.0,0,0,33,0,62,315,20,0.2,1
796,4,3,70421.0,0,1,98,0,70,767,29,0.0,1
797,0,2,60161.0,0,1,17,0,59,1071,34,0.0,1
798,2,5,73926.0,0,0,54,0,51,1580,27,0.0,1
799,2,3,19329.0,1,0,39,0,56,60,18,0.0,2
800,3,3,61872.0,0,1,81,0,54,573,25,0.0,1
801,2,6,46984.0,1,1,71,0,68,41,10,0.0,2
802,2,3,34838.0,1,1,62,0,73,170,16,0.0,2
804,2,3,48192.0,0,0,76,0,66,1526,33,0.6,0
805,3,3,49681.0,0,2,66,0,48,458,28,0.0,1
806,3,3,56850.0,0,1,83,0,53,63,8,0.0,2
807,2,3,55267.0,0,1,28,0,67,405,20,0.0,1
808,2,3,59666.0,1,1,87,0,52,1027,28,0.2,1
810,2,3,26872.0,0,0,0,0,43,72,11,0.0,2
811,2,4,21359.0,1,0,1,0,52,48,15,0.0,2
813,3,3,52750.0,0,1,72,0,69,860,31,0.0,1
815,4,5,65968.0,0,1,12,0,54,495,21,0.0,1
816,2,3,30772.0,1,1,89,0,48,20,10,0.0,2
818,2,3,65685.0,0,1,54,0,52,769,26,0.0,1
819,0,3,25804.0,1,0,34,0,46,55,15,0.0,2
820,4,4,76412.0,0,0,15,0,44,1808,21,0.4,0
821,2,3,22063.0,1,0,43,0,52,55,14,0.0,2
822,2,4,57091.0,0,0,0,0,63,577,23,0.2,1
823,2,3,22419.0,0,0,74,0,61,162,16,0.0,2
826,2,3,93404.0,1,2,97,0,70,1616,22,0.4,0
827,2,2,37859.0,1,2,75,0,62,36,14,0.0,2
828,4,6,80995.0,0,1,83,0,66,1482,26,0.0,1
829,2,5,16529.0,1,0,23,0,40,22,11,0.0,2
830,4,2,55412.0,1,1,65,0,48,63,11,0.0,2
831,2,4,48789.0,0,0,94,0,32,680,24,0.0,1
832,4,5,56575.0,0,2,42,0,57,542,25,0.0,1
833,0,5,25130.0,1,0,10,0,44,50,14,0.0,2
834,2,3,35441.0,1,1,94,0,57,39,14,0.0,2
835,2,3,71391.0,0,1,50,0,68,1043,31,0.0,1
836,3,4,49494.0,1,0,46,0,52,385,21,0.0,2
837,2,2,81702.0,0,0,98,0,44,1633,30,0.0,1
838,0,4,45889.0,0,1,42,0,44,46,11,0.0,2
839,2,4,56628.0,0,1,30,0,47,761,25,0.2,1
840,2,5,34026.0,1,1,11,0,74,76,14,0.0,2
841,2,3,40049.0,0,1,61,0,50,290,19,0.0,1
842,2,4,34176.0,1,0,12,0,36,89,17,0.0,2
843,2,3,19419.0,1,0,76,0,43,70,20,0.0,2
844,0,3,82504.0,0,0,2,0,64,1066,18,0.0,1
847,3,4,55284.0,0,1,60,0,68,764,28,0.0,1
848,2,4,49980.0,0,1,79,0,61,195,16,0.0,1
849,2,3,15072.0,2,0,96,0,44,53,16,0.0,2
850,2,4,49166.0,0,1,17,0,50,368,19,0.0,1
851,4,3,65324.0,0,1,0,0,70,544,24,0.0,1
853,4,5,30843.0,1,1,43,0,58,35,11,0.2,2
854,4,3,46374.0,0,1,1,0,50,446,26,0.4,0
856,3,3,38576.0,0,1,2,0,51,41,12,0.0,2
857,2,3,55357.0,2,0,66,0,39,727,27,0.0,2
858,2,5,37758.0,1,1,49,0,58,40,14,0.0,2
859,0,3,85710.0,0,0,5,0,35,1062,28,0.2,0
860,2,5,23228.0,1,0,71,0,55,40,15,0.0,2
861,3,5,44602.0,1,1,35,0,55,292,25,0.0,2
862,2,3,7500.0,0,0,94,0,37,15,10,0.0,2
863,0,5,38683.0,1,0,80,0,35,341,24,0.0,2
864,0,4,49514.0,1,0,61,0,49,369,20,0.0,2
865,4,5,57906.0,0,1,29,0,51,401,21,0.0,1
866,3,4,43456.0,0,1,0,0,58,393,22,0.0,1
867,3,4,19485.0,2,0,80,0,38,10,11,0.0,2
868,2,5,53172.0,0,1,54,0,46,486,19,0.0,1
869,2,5,30545.0,1,0,71,0,45,69,14,0.0,2
870,4,5,70123.0,0,0,27,0,41,1727,20,0.4,0
871,2,4,62450.0,0,1,61,0,65,995,19,0.2,1
872,2,5,21675.0,1,0,55,0,48,45,17,0.0,2
873,0,4,42395.0,1,1,35,0,43,182,19,0.0,2
874,3,5,61346.0,1,0,34,0,46,989,26,0.0,1
876,3,2,42835.0,1,1,64,0,53,595,29,0.0,1
877,2,3,39922.0,1,0,30,0,41,156,17,0.0,2
878,3,4,86424.0,0,0,12,0,68,1226,29,0.0,1
879,0,5,17117.0,1,0,96,0,46,128,20,0.0,2
880,2,4,24762.0,1,0,16,0,52,86,17,0.2,2
881,2,3,35797.0,0,1,16,0,49,68,15,0.0,2
882,2,2,36627.0,2,0,78,0,49,16,9,0.0,2
883,0,3,51111.0,1,1,83,0,43,55,13,0.0,2
884,4,4,86857.0,0,0,96,0,52,2114,24,0.0,1
885,4,5,82072.0,0,0,67,0,54,2018,20,0.0,1
886,4,4,46231.0,2,1,87,0,71,263,24,0.0,2
887,2,3,42243.0,1,1,34,0,65,55,14,0.0,2
888,2,5,51195.0,1,1,46,0,62,564,32,0.0,1
889,3,4,68092.0,0,0,7,0,46,1281,25,0.0,1
890,2,3,31814.0,1,0,73,0,51,83,16,0.2,2
891,3,6,51390.0,1,1,54,0,59,353,23,0.0,1
892,2,3,76630.0,0,0,93,0,41,1003,26,0.0,1
893,1,4,26868.0,1,0,52,0,33,14,11,0.0,2
894,4,2,48948.0,0,0,53,0,81,902,30,0.2,1
896,2,5,64090.0,0,1,8,0,68,797,25,0.0,1
898,4,3,37087.0,1,0,50,0,50,401,23,0.0,2
899,2,2,21846.0,1,0,38,0,38,84,19,0.0,2
900,2,3,81320.0,0,0,61,0,66,928,20,0.0,1
901,2,2,54137.0,0,1,46,0,54,203,17,0.0,1
902,2,5,66825.0,0,0,73,0,57,858,18,0.0,1
903,2,5,57100.0,0,0,19,0,51,409,16,0.0,1
904,2,5,58917.0,1,2,10,0,55,282,21,0.0,1
907,2,6,45684.0,1,0,37,0,53,28,11,0.0,2
908,2,5,47889.0,1,0,94,0,50,67,11,0.0,2
909,4,3,45921.0,0,0,23,0,38,199,14,0.0,2
910,4,4,78420.0,0,0,75,0,58,1453,23,0.0,1
911,2,5,75114.0,0,0,40,0,32,1253,21,0.0,1
912,4,6,52278.0,0,1,24,0,61,1198,39,0.0,1
913,3,3,35641.0,1,0,11,0,52,178,17,0.0,2
915,2,3,62820.0,0,0,51,0,70,976,15,0.0,1
916,3,5,73113.0,0,0,86,0,64,1001,17,0.0,1
918,0,4,42607.0,0,1,30,0,70,350,17,0.0,1
919,4,4,74637.0,0,0,73,0,70,1650,28,0.2,0
920,4,5,46015.0,1,1,25,0,69,46,12,0.4,2
922,3,4,39858.0,1,0,67,0,55,95,13,0.0,2
923,4,3,34469.0,1,1,58,0,76,62,13,0.0,2
925,3,5,24401.0,0,0,98,0,45,467,24,0.0,2
927,0,4,74116.0,0,0,53,0,42,2052,21,0.2,0
929,4,3,68397.0,0,1,6,0,48,1416,24,0.0,1
930,4,5,79632.0,0,0,42,0,50,1113,22,0.0,1
931,2,4,46107.0,1,0,78,0,35,125,10,0.0,2
932,4,4,64950.0,0,1,29,0,73,966,32,0.2,1
933,1,3,25443.0,1,0,82,0,35,32,13,0.0,2
935,4,5,32892.0,1,0,78,0,53,46,16,0.0,2
936,2,5,71796.0,0,0,54,0,53,960,21,0.0,1
937,4,3,67536.0,0,1,45,0,54,1829,38,0.2,0
938,2,4,55239.0,0,1,59,0,53,779,31,0.0,1
939,4,2,60554.0,1,0,8,0,49,811,29,0.0,1
940,0,4,64831.0,1,1,51,0,72,1120,28,0.0,1
941,4,5,56067.0,0,1,51,0,62,725,25,0.0,1
942,2,2,82025.0,0,0,76,0,41,1187,13,0.2,0
943,2,5,94384.0,0,0,62,0,71,2302,20,0.6,0
944,1,4,14906.0,0,0,86,0,38,66,16,0.0,2
945,4,3,51563.0,0,0,60,0,37,1250,27,0.4,0
946,0,3,57937.0,0,1,56,0,42,683,23,0.0,1
947,2,2,68274.0,1,1,83,0,45,305,16,0.0,2
948,2,5,39771.0,1,0,92,0,47,50,10,0.0,2
949,0,2,67893.0,0,1,31,0,49,995,24,0.0,1
950,4,5,27922.0,1,0,80,0,45,41,10,0.0,2
951,4,5,52190.0,1,1,39,0,48,77,14,0.2,2
952,3,2,44051.0,1,1,20,0,51,171,18,0.0,2
953,4,4,42767.0,2,0,53,0,53,131,15,0.0,2
954,3,5,46106.0,1,1,84,0,48,54,11,0.0,2
955,4,3,16927.0,1,1,50,0,48,53,20,0.0,2
956,2,3,59754.0,0,1,96,0,59,475,21,0.0,1
957,2,4,53700.0,0,1,94,0,72,694,27,0.0,1
958,2,3,59041.0,1,1,25,0,51,96,13,0.0,2
959,4,2,54237.0,0,1,48,0,67,361,22,0.0,1
960,2,2,70647.0,0,1,65,0,57,1079,28,0.0,1
961,4,4,52597.0,0,1,69,0,62,578,25,0.0,1
962,3,5,41021.0,1,0,12,0,55,64,13,0.0,2
963,4,3,40233.0,0,1,84,0,49,149,19,0.0,1
964,2,3,50183.0,1,1,47,0,44,231,22,0.0,2
965,2,5,54753.0,0,1,87,0,65,728,25,0.0,1
967,2,3,33471.0,1,0,47,0,51,93,17,0.0,2
968,4,3,34596.0,1,0,48,0,50,23,12,0.0,2
969,2,5,44010.0,1,0,46,0,44,662,33,0.0,1
970,2,3,84219.0,0,0,27,0,36,1198,19,0.0,1
971,4,5,40706.0,2,1,37,0,56,81,18,0.0,2
972,0,3,15716.0,1,0,8,1,36,92,18,0.0,3
973,0,2,59052.0,0,1,29,0,65,491,23,0.0,1
974,3,5,80573.0,0,0,85,0,53,1564,26,0.0,1
975,2,3,83715.0,0,0,2,0,62,926,24,0.0,1
976,3,5,82576.0,0,0,66,0,65,1910,20,0.2,0
977,3,3,56962.0,2,1,60,0,59,411,28,0.0,2
978,2,3,35704.0,1,1,54,0,72,94,13,0.0,2
979,2,5,53103.0,0,1,70,0,70,1085,35,0.2,1
980,0,6,46779.0,1,1,55,0,64,23,8,0.0,2
982,3,2,33462.0,1,0,78,0,45,54,13,0.0,2
983,2,2,63693.0,0,1,63,0,46,1150,35,0.0,1
985,4,3,65352.0,0,1,43,0,50,405,20,0.0,1
986,4,3,82170.0,0,0,13,0,46,1908,21,0.0,1
988,0,4,79689.0,0,0,65,0,48,1315,29,0.0,1
989,4,6,35340.0,1,1,1,0,68,45,12,0.0,2
990,2,2,85683.0,0,0,6,0,70,1789,18,0.8,0
991,0,3,24884.0,1,0,32,0,52,19,11,0.0,2
992,3,5,42021.0,1,0,34,0,43,573,31,0.2,2
993,2,4,64449.0,1,0,70,0,35,805,28,0.0,1
994,2,2,64587.0,1,1,49,0,70,108,11,0.0,2
995,2,4,34824.0,0,0,65,0,29,23,10,0.0,2
996,2,5,75437.0,0,0,25,0,46,1493,29,0.2,0
997,2,5,26091.0,1,1,84,0,67,89,14,0.0,2
998,2,3,52845.0,1,0,7,0,51,936,31,0.2,0
999,2,2,46086.0,0,1,34,0,68,343,20,0.0,1
1000,4,6,78028.0,0,1,38,0,68,528,27,0.4,0
1001,4,4,95169.0,0,0,1,0,37,1901,13,0.4,0
1002,0,3,56337.0,1,1,25,0,43,724,30,0.4,0
1003,2,5,22434.0,1,0,25,0,37,58,15,0.0,2
1004,4,3,36930.0,0,1,50,0,70,297,24,0.0,1
1005,2,4,36130.0,0,1,46,0,70,488,25,0.2,1
1006,3,3,65569.0,0,1,96,0,71,859,26,0.0,1
1007,2,5,83844.0,0,0,57,0,72,1574,21,0.2,0
1008,2,3,19514.0,1,1,47,0,56,69,18,0.2,2
1009,4,4,36736.0,1,1,52,0,61,17,10,0.0,2
1011,4,5,49187.0,0,1,63,0,48,116,10,0.0,2
1012,2,4,30168.0,1,0,51,0,46,279,27,0.0,2
1013,3,5,34053.0,0,1,14,0,56,103,15,0.0,2
1014,3,3,38196.0,1,1,20,0,53,44,14,0.0,2
1015,3,3,59412.0,0,0,56,0,73,406,18,0.0,1
1017,2,5,54165.0,0,0,72,0,55,236,13,0.0,2
1018,2,3,32300.0,1,0,1,0,51,39,13,0.0,2
1019,2,4,20180.0,0,0,27,0,48,137,15,0.0,2
1020,2,3,34961.0,1,0,77,0,51,79,17,0.0,2
1021,4,5,28440.0,1,0,87,0,50,63,14,0.0,2
1022,4,5,64504.0,1,2,81,0,71,1314,32,0.0,1
1023,3,5,33564.0,0,1,51,0,58,71,11,0.0,2
1024,2,3,17345.0,1,0,79,0,46,58,15,0.0,2
1025,4,3,56320.0,0,1,11,0,57,702,25,0.0,1
1026,2,4,28647.0,1,0,54,0,46,94,14,0.2,2
1027,1,4,15038.0,1,0,93,0,37,80,16,0.0,2
1028,4,2,32173.0,0,1,0,0,66,22,9,0.0,2
1029,0,5,68316.0,0,1,54,0,60,1211,38,0.0,1
1030,2,5,74538.0,0,0,21,0,53,1461,25,0.2,0
1032,2,5,68695.0,0,0,3,0,55,1091,18,0.0,1
1033,0,3,31056.0,1,0,99,0,47,55,13,0.0,2
1034,2,3,79593.0,0,0,70,0,51,1366,21,0.2,0
1035,2,4,28071.0,0,0,65,0,44,313,21,0.0,2
1036,4,5,37334.0,1,1,44,0,66,62,15,0.0,2
1037,3,4,46423.0,1,1,6,0,52,92,16,0.0,2
1038,4,3,37126.0,1,0,9,0,53,72,12,0.2,2
1039,2,3,47703.0,0,1,95,0,71,655,26,0.0,1
1041,2,3,38998.0,1,1,92,1,70,54,16,0.0,3
1043,2,5,76081.0,0,0,85,0,62,1033,16,0.2,0
1044,2,5,34728.0,1,0,2,0,38,36,11,0.0,2
1045,3,4,33168.0,0,1,0,0,59,122,17,0.0,2
1046,3,3,33585.0,0,1,91,0,58,122,11,0.0,2
1047,4,3,77037.0,0,1,3,0,64,1123,30,0.0,1
1048,2,5,35196.0,1,0,68,0,40,497,26,0.0,2
1049,2,3,44529.0,0,1,98,0,58,691,30,0.2,1
1051,4,5,28764.0,1,1,16,0,58,12,12,0.2,2
1053,0,2,25959.0,1,1,1,0,54,56,13,0.0,2
1054,3,3,27100.0,1,0,64,0,41,37,12,0.0,2
1055,2,4,70596.0,0,0,68,0,39,968,23,0.0,1
1056,2,3,42557.0,0,1,98,0,50,270,23,0.0,1
1057,4,3,53312.0,0,0,32,0,73,278,19,0.0,1
1058,2,4,72228.0,0,0,87,0,72,1250,25,0.0,1
1059,2,5,67605.0,0,0,84,0,37,938,18,0.0,1
1061,2,5,65196.0,0,2,34,0,66,1155,31,0.2,1
1062,4,4,42000.0,0,0,23,0,37,653,25,0.0,1
1063,4,2,35860.0,1,1,37,0,51,49,11,0.2,2
1064,4,3,65526.0,0,1,22,0,60,506,19,0.0,1
1065,2,3,16860.0,1,1,19,0,63,38,15,0.0,2
1066,2,4,83528.0,0,0,7,0,32,1650,24,0.4,0
1067,0,2,64176.0,0,1,52,0,59,1826,39,0.0,1
1068,2,2,22304.0,0,0,91,0,68,18,12,0.0,2
1069,2,3,67023.0,0,0,93,1,46,906,26,0.0,3
1070,4,5,32892.0,1,0,78,0,53,46,16,0.0,2
1071,2,5,70713.0,0,1,23,0,58,1477,28,0.0,1
1072,2,5,59925.0,0,1,83,0,69,766,29,0.0,1
1073,2,3,39722.0,0,1,92,0,71,47,12,0.0,2
1074,2,5,46610.0,0,0,4,0,66,467,20,0.0,1
1076,4,3,87171.0,0,0,27,0,43,1298,27,0.4,0
1077,0,5,26907.0,1,1,10,0,48,22,13,0.0,2
1078,3,4,50014.0,1,0,9,0,56,396,20,0.0,2
1079,4,3,41014.0,1,0,65,0,46,20,11,0.0,2
1080,2,4,66294.0,0,0,68,0,59,967,15,0.0,1
1081,2,3,36715.0,1,0,16,0,53,357,28,0.0,2
1082,2,3,79456.0,0,0,12,0,68,1401,19,0.0,1
1083,2,5,40479.0,1,0,95,0,42,15,8,0.0,2
1084,3,4,75345.0,0,0,16,0,54,2087,23,0.2,0
1085,2,3,54233.0,0,1,46,0,47,981,34,0.0,1
1086,2,4,24163.0,1,1,3,0,54,17,10,0.0,2
1087,4,5,84460.0,0,0,80,0,66,523,27,0.8,0
1088,2,5,43776.0,1,0,77,0,41,23,10,0.0,2
1090,4,3,85844.0,0,0,62,0,51,1958,22,0.2,0
1091,4,4,39190.0,1,0,91,0,50,133,14,0.0,2
1092,2,5,71367.0,0,0,24,0,65,777,19,0.0,1
1093,4,4,38578.0,1,1,2,0,52,73,17,0.0,2
1094,4,3,57236.0,1,1,22,0,59,121,13,0.0,2
1095,2,4,61825.0,0,1,56,0,45,424,19,0.0,1
1096,2,2,79803.0,0,1,54,0,66,868,14,0.0,1
1097,0,4,80910.0,0,0,71,0,38,756,16,0.0,1
1098,3,5,27590.0,1,0,38,0,42,12,11,0.0,2
1099,2,3,56775.0,0,1,62,0,45,937,30,0.0,1
1101,0,3,54210.0,0,1,18,0,45,367,19,0.0,1
1102,2,3,38508.0,1,0,95,0,38,443,28,0.0,2
1103,2,5,53187.0,1,0,66,0,54,267,18,0.0,2
1104,2,3,30023.0,1,0,28,0,52,61,14,0.0,2
1105,4,4,76045.0,0,0,78,0,64,1323,23,0.2,0
1106,4,3,50870.0,0,1,13,0,72,63,11,0.0,1
1107,0,3,15315.0,0,0,27,0,54,64,13,0.0,2
1108,0,3,65463.0,1,0,17,0,50,562,24,0.2,2
1109,2,3,66480.0,1,1,71,0,59,312,23,0.0,1
1110,2,2,76773.0,0,0,79,0,70,1156,17,0.0,1
1112,4,4,54466.0,1,1,78,0,51,16,9,0.0,2
1113,3,4,98777.0,0,0,23,0,64,2008,20,0.2,0
1114,4,4,16269.0,1,0,75,0,40,44,17,0.0,2
1115,2,5,71819.0,0,1,70,0,53,1574,20,0.4,0
1116,4,3,33569.0,1,0,10,0,41,63,13,0.2,2
1117,3,3,36262.0,0,0,24,0,41,426,18,0.2,2
1118,1,5,22634.0,0,0,47,0,58,96,14,0.0,2
1119,0,3,47025.0,0,1,98,0,46,635,32,0.0,1
1120,2,4,70566.0,0,1,4,0,56,757,25,0.0,1
1121,4,3,31605.0,1,0,15,0,45,125,16,0.0,2
1122,3,2,52034.0,1,1,67,0,51,332,23,0.0,2
1123,2,4,48526.0,1,0,32,0,45,135,11,0.0,2
1124,2,3,46734.0,0,1,40,0,70,330,21,0.0,1
1125,2,2,39552.0,1,1,54,0,62,384,28,0.0,1
1126,2,4,86358.0,1,1,78,0,58,1722,26,0.0,1
1127,2,5,46931.0,2,1,94,0,47,78,10,0.0,2
1128,1,4,16581.0,0,0,51,0,39,24,8,0.0,2
1129,0,2,63998.0,0,0,42,0,72,1168,29,0.0,1
1130,3,3,67381.0,0,1,67,0,73,957,24,0.2,1
1131,2,4,25930.0,1,1,87,0,57,15,11,0.0,2
1132,2,3,42693.0,1,0,29,0,46,57,10,0.0,2
1134,2,4,72903.0,0,0,74,0,39,2013,25,0.6,0
1135,0,5,49669.0,1,0,97,0,50,326,20,0.0,2
1136,4,3,36778.0,1,1,63,0,56,77,18,0.0,2
1137,4,2,85696.0,0,0,88,0,62,1313,21,0.0,1
1138,3,2,10979.0,0,0,34,0,35,30,13,0.0,2
1139,2,3,49678.0,0,1,81,0,63,315,21,0.0,1
1140,3,5,56129.0,0,1,65,0,71,660,26,0.0,1
1141,2,3,37155.0,1,0,51,0,35,74,12,0.0,2
1142,0,2,21282.0,1,0,76,0,46,46,13,0.0,2
1143,4,4,33419.0,0,1,76,0,62,86,15,0.0,2
1144,2,6,63285.0,0,0,84,0,79,1103,28,0.0,1
1145,3,5,21255.0,1,0,56,0,50,61,15,0.0,2
1146,2,5,42162.0,1,0,31,0,43,145,15,0.2,2
1148,4,3,57744.0,0,1,91,0,70,411,24,0.0,1
1149,2,4,26576.0,1,0,40,0,38,27,13,0.2,2
1150,4,6,57513.0,0,0,59,0,81,1060,33,0.0,1
1151,2,5,68142.0,0,1,96,0,60,1459,30,0.0,1
1152,2,3,7500.0,0,1,61,0,45,18,12,0.0,2
1153,2,5,83145.0,0,0,14,0,50,1833,28,0.2,0
1154,3,3,54197.0,0,1,16,0,64,237,13,0.0,1
1155,4,4,23091.0,1,1,98,0,61,48,17,0.0,2
1158,2,3,79410.0,0,0,19,0,63,1370,12,0.0,1
1159,2,3,57304.0,0,1,61,0,73,1026,30,0.0,1
1160,2,3,44375.0,0,1,73,0,59,301,17,0.0,1
1162,2,3,59594.0,0,1,74,0,59,499,24,0.2,1
1163,2,5,80685.0,0,0,55,0,30,1004,23,0.0,1
1164,4,3,40344.0,0,1,48,0,50,218,19,0.0,1
1165,2,3,62710.0,0,1,53,0,52,606,26,0.0,1
1166,0,3,48985.0,0,1,13,0,56,75,9,0.0,2
1167,2,5,35322.0,1,2,34,0,56,106,17,0.0,2
1169,2,4,81657.0,0,0,69,0,55,1097,17,0.0,1
1170,1,3,14421.0,0,0,81,0,28,16,9,0.2,2
1171,0,3,20130.0,0,0,99,0,50,34,13,0.0,2
1172,4,3,74214.0,0,0,3,0,34,1711,21,0.0,1
1173,3,3,66726.0,1,1,61,0,67,438,24,0.2,1
1174,1,5,23724.0,1,0,65,0,45,75,15,0.0,2
1175,3,3,47353.0,0,1,93,0,64,225,18,0.0,1
1176,3,3,33444.0,1,1,24,0,72,18,12,0.0,2
1177,2,3,54386.0,0,1,8,0,43,470,20,0.0,1
1178,2,2,28510.0,1,1,72,0,43,91,14,0.0,2
1180,2,5,48070.0,0,1,33,1,74,504,26,0.0,3
1181,2,3,43140.0,0,1,68,0,67,235,17,0.0,1
1182,4,2,54959.0,0,1,55,0,63,1232,28,0.2,1
1183,1,4,15056.0,1,1,76,0,66,88,17,0.0,2
1184,2,4,26954.0,1,0,17,0,53,17,11,0.0,2
1185,2,4,22327.0,1,0,94,0,39,24,10,0.0,2
1186,2,3,44393.0,1,1,86,0,59,60,11,0.0,2
1187,4,4,62000.0,0,1,25,0,72,1020,30,0.2,1
1188,4,5,31497.0,0,1,22,0,62,155,18,0.0,1
1189,0,3,45894.0,0,2,15,0,50,51,10,0.0,2
1191,3,6,67369.0,0,1,81,0,55,1461,29,0.4,0
1192,2,2,58401.0,0,1,55,0,64,96,10,0.0,1
1193,2,4,62307.0,0,1,94,0,72,160,14,0.0,1
1194,3,3,43641.0,1,1,50,0,55,139,16,0.0,2
1195,3,2,63841.0,0,1,64,0,56,908,28,0.0,1
1196,0,3,46891.0,0,1,91,0,59,183,12,0.0,2
1197,3,3,70091.0,1,0,11,0,55,1161,27,0.2,0
1198,4,3,78075.0,0,0,72,0,52,988,15,0.0,1
1200,2,3,54809.0,1,1,0,0,47,174,16,0.0,2
1201,2,3,58113.0,0,1,66,1,65,758,29,0.0,3
1202,3,3,51412.0,0,1,42,0,66,195,15,0.0,1
1203,2,2,15287.0,1,0,60,0,45,31,13,0.2,2
1204,3,5,66636.0,0,0,64,0,67,1084,18,0.0,1
1205,3,3,50965.0,0,1,87,0,68,685,30,0.2,1
1206,4,3,84618.0,0,0,96,0,59,1672,28,0.2,0
1207,2,3,18351.0,0,0,1,0,34,43,13,0.0,2
1208,4,5,40451.0,0,2,54,0,67,49,10,0.2,1
1209,2,5,36317.0,0,1,53,0,59,133,16,0.0,2
1210,2,5,42213.0,0,1,96,0,67,363,22,0.2,1
1211,2,5,65748.0,0,1,58,1,69,545,19,0.0,3
1212,2,5,77044.0,0,1,12,0,52,1065,35,0.2,1
1214,2,3,56721.0,1,1,64,0,52,296,21,0.0,2
1215,2,4,42160.0,1,1,26,0,49,140,17,0.0,2
1216,2,4,61559.0,0,1,8,0,59,530,20,0.0,1
1217,4,5,33629.0,1,1,49,0,61,152,22,0.0,2
1218,4,5,68682.0,0,0,56,0,33,1598,26,0.0,1
1219,2,4,34377.0,0,1,55,0,61,114,15,0.0,2
1220,1,4,8940.0,1,0,25,0,38,101,18,0.0,2
1221,2,3,26228.0,1,0,50,0,51,25,12,0.0,2
1222,0,2,77297.0,0,0,84,0,67,789,26,0.2,0
1223,2,3,40211.0,1,1,30,0,43,87,15,0.2,2
1224,4,6,33438.0,1,1,81,0,66,90,16,0.0,2
1225,4,3,75032.0,0,1,74,0,65,1215,23,0.0,1
1226,4,4,61284.0,0,0,76,0,69,811,28,0.2,1
1227,2,3,22518.0,1,0,36,0,38,61,12,0.2,2
1228,3,3,54730.0,0,1,64,0,49,405,22,0.0,1
1229,3,3,38452.0,1,1,62,0,69,72,16,0.0,2
1230,2,2,44421.0,1,1,53,0,53,189,22,0.0,2
1231,4,5,38197.0,1,0,86,0,38,40,10,0.0,2
1232,2,2,41986.0,0,1,15,0,46,63,14,0.0,2
1233,2,5,28427.0,1,0,67,0,41,52,15,0.0,2
1234,4,5,37395.0,1,0,47,0,48,39,11,0.0,2
1235,2,3,64722.0,1,0,47,0,53,805,31,0.0,1
1236,3,5,55249.0,0,1,81,0,68,130,11,0.0,1
1237,2,5,84906.0,0,0,98,0,52,1631,26,0.6,0
1238,2,3,28691.0,1,0,56,0,35,34,13,0.0,2
1239,2,4,44213.0,1,1,48,0,72,152,18,0.0,2
1240,1,4,25707.0,1,0,18,0,40,21,12,0.0,2
1241,4,3,59062.0,2,1,74,0,57,71,11,0.0,2
1242,2,4,76624.0,0,1,68,0,62,899,24,0.2,1
1243,3,5,66000.0,0,0,36,0,77,711,11,0.0,1
1244,4,5,27683.0,1,0,90,0,46,351,24,0.0,2
1246,1,4,7500.0,1,0,63,0,32,119,20,0.0,2
1247,2,5,40521.0,1,1,82,0,56,21,9,0.0,2
1248,4,5,20427.0,1,0,63,0,51,10,12,0.0,2
1249,2,3,65106.0,0,1,55,0,49,973,33,0.2,1
1250,4,3,69969.0,0,0,64,0,59,1536,16,0.4,0
1251,2,3,67433.0,0,2,51,0,72,992,32,0.2,1
1252,4,3,77766.0,0,1,97,0,57,1529,40,0.2,0
1254,2,2,68118.0,0,1,51,0,61,928,29,0.0,1
1255,4,3,55158.0,1,1,72,0,54,418,25,0.0,1
1256,0,3,62972.0,0,1,39,0,69,587,22,0.0,1
1257,2,3,74190.0,0,1,49,0,49,641,21,0.0,1
1258,2,3,39356.0,1,1,21,0,48,23,10,0.2,2
1260,4,2,35860.0,1,1,37,0,51,49,11,0.2,2
1261,4,2,90687.0,0,0,98,0,41,1779,19,0.2,0
1262,3,5,73450.0,0,0,85,0,42,1804,30,0.4,0
1263,2,3,31454.0,1,1,40,0,64,48,16,0.0,2
1264,2,4,47139.0,1,1,2,0,72,83,14,0.0,2
1267,2,5,19656.0,1,0,94,0,54,84,16,0.0,2
1268,4,3,45579.0,0,1,10,0,76,183,16,0.0,1
1269,0,4,85485.0,0,0,73,0,66,1383,21,0.0,1
1270,2,3,55956.0,0,0,22,0,80,999,20,0.2,1
1271,3,4,64191.0,0,1,30,0,61,825,27,0.0,1
1272,2,4,38808.0,1,0,21,0,52,246,22,0.2,2
1273,3,3,57183.0,1,1,51,0,58,610,33,0.0,1
1274,3,2,23748.0,1,0,97,0,56,76,17,0.0,2
1275,2,3,66303.0,0,1,56,0,53,1286,30,0.2,1
1276,3,3,37368.0,1,0,4,0,49,30,10,0.2,2
1277,2,3,40800.0,1,2,77,1,60,99,15,0.0,3
1279,2,3,46149.0,0,1,36,0,49,362,23,0.0,1
1281,0,2,49118.0,0,0,90,0,53,1229,35,0.4,0
1282,4,3,37633.0,1,1,49,0,67,38,15,0.0,2
1283,3,5,39767.0,0,0,18,0,73,485,25,0.0,1
1284,1,3,26997.0,0,0,89,0,73,434,20,0.0,2
1285,2,2,33986.0,1,0,43,0,54,44,12,0.0,2
1286,4,3,57091.0,0,1,82,0,52,496,25,0.2,1
1287,0,3,46831.0,1,1,84,0,55,78,11,0.0,2
1289,2,3,52531.0,0,0,68,0,53,794,27,0.0,1
1290,2,3,15759.0,0,0,12,0,68,17,11,0.0,2
1291,2,4,22804.0,1,0,75,0,53,26,14,0.0,2
1292,0,3,43050.0,1,0,10,0,51,76,13,0.0,2
1293,4,4,42997.0,1,1,91,0,47,15,11,0.0,2
1294,4,4,48918.0,1,1,21,0,61,62,11,0.0,2
1295,3,5,60033.0,0,1,28,0,70,198,12,0.0,1
1296,4,5,34043.0,1,0,97,0,46,49,14,0.0,2
1297,2,5,57811.0,0,1,49,0,58,802,30,0.2,1
1299,2,4,7500.0,1,1,5,0,46,57,16,0.0,2
1301,2,5,94384.0,0,0,62,0,71,2302,20,0.6,0
1302,0,3,23148.0,0,0,83,0,39,37,13,0.0,2
1303,2,2,44267.0,1,1,48,0,54,310,25,0.0,2
1304,2,3,71626.0,0,0,94,0,45,1305,22,0.2,0
1305,2,5,60894.0,0,1,61,0,58,832,33,0.0,1
1306,2,5,50200.0,1,1,70,0,48,401,27,0.0,1
1307,4,3,81051.0,0,0,43,0,59,1501,25,0.4,0
1308,2,3,65169.0,0,0,23,0,42,1189,34,0.8,0
1309,2,5,59868.0,0,1,37,0,52,1194,38,0.0,1
1310,4,3,65695.0,0,1,50,0,64,656,25,0.0,1
1312,3,5,45143.0,0,1,74,0,59,311,22,0.0,1
1314,0,3,59060.0,1,0,77,0,35,274,18,0.0,2
1315,4,4,27238.0,1,1,39,0,62,57,18,0.0,2
1316,2,5,47009.0,0,1,89,0,59,448,21,0.0,1
1317,0,3,46094.0,1,1,62,0,51,44,12,0.0,2
1318,2,3,40321.0,1,1,59,0,52,102,15,0.0,2
1319,2,5,37235.0,1,0,68,0,40,61,9,0.0,2
1320,3,3,81843.0,0,0,13,0,64,1643,30,0.0,1
1321,3,5,46692.0,0,1,37,0,66,397,21,0.0,1
1322,2,5,77382.0,0,1,36,0,56,1121,27,0.2,1
1323,2,4,37774.0,2,0,28,1,47,473,25,0.2,3
1324,1,3,18393.0,1,0,2,0,50,50,16,0.0,2
1326,2,3,24711.0,0,0,86,0,42,58,14,0.0,2
1327,4,3,45503.0,1,0,54,0,49,170,14,0.0,2
1329,4,5,71604.0,0,0,3,0,79,1196,21,0.2,0
1330,2,3,27244.0,1,0,84,0,45,101,15,0.0,2
1331,2,3,48752.0,1,1,8,0,55,316,26,0.0,1
1332,2,3,71434.0,0,1,4,0,62,1400,25,0.4,0
1334,3,3,88097.0,1,0,24,0,46,844,29,0.6,0
1335,2,3,51948.0,0,1,51,0,49,311,18,0.0,1
1336,2,5,71853.0,0,0,29,0,42,1149,18,0.0,1
1337,3,3,35876.0,0,0,13,0,41,129,14,0.0,2
1338,2,6,40049.0,0,1,23,0,72,32,11,0.0,2
1339,2,4,39660.0,1,0,36,0,42,299,23,0.0,2
1340,2,5,50127.0,0,1,88,0,62,320,19,0.2,1
1341,3,3,43263.0,0,1,2,0,47,441,21,0.0,1
1343,2,3,18929.0,0,0,15,0,34,85,12,0.0,2
1344,1,4,24367.0,1,0,58,0,42,24,13,0.0,2
1345,2,4,33249.0,1,0,11,0,49,112,14,0.0,2
1346,0,3,26887.0,0,1,27,0,65,30,11,0.0,2
1347,4,3,50150.0,0,0,32,0,41,410,21,0.0,1
1348,2,5,62061.0,0,1,12,0,48,800,30,0.2,1
1349,4,2,85696.0,0,0,88,0,62,1313,21,0.0,1
1350,4,5,76542.0,0,0,91,0,68,1483,25,0.0,1
1351,2,4,70515.0,0,0,12,0,31,1258,19,0.0,1
1352,2,5,18227.0,1,0,21,0,37,28,12,0.0,2
1353,2,3,69139.0,0,1,23,0,59,227,15,0.0,1
1354,2,3,69109.0,0,0,10,0,42,1555,24,0.2,0
1356,2,3,38136.0,1,0,69,0,46,103,16,0.2,2
1357,4,4,62159.0,0,0,68,0,78,634,23,0.0,1
1359,3,4,33316.0,1,1,34,0,53,131,16,0.0,2
1360,2,5,58554.0,1,1,55,0,56,586,29,0.0,1
1361,1,3,17256.0,1,0,10,0,32,62,15,0.2,2
1362,2,2,53034.0,1,1,30,0,50,447,30,0.0,1
1363,0,5,52203.0,0,0,36,0,74,939,33,0.0,1
1364,0,2,59601.0,0,1,14,0,47,797,23,0.2,1
1365,3,4,75154.0,0,1,79,0,66,1143,19,0.0,1
1366,2,4,47025.0,0,1,52,0,48,415,23,0.0,1
1367,2,3,37971.0,1,0,97,0,51,30,13,0.0,2
1368,3,2,41335.0,1,0,24,0,56,187,19,0.0,2
1369,2,3,67267.0,0,1,0,0,66,251,13,0.0,1
1370,2,4,57338.0,0,1,96,0,49,237,17,0.0,1
1371,0,5,50523.0,1,1,89,0,64,91,14,0.0,2
1372,3,4,35791.0,2,1,94,0,59,35,14,0.0,2
1373,4,2,50611.0,0,1,98,0,64,493,28,0.2,1
1374,4,3,56242.0,0,1,72,0,55,971,34,0.0,1
1375,2,4,48904.0,0,1,1,0,64,371,25,0.0,1
1376,2,4,56243.0,1,2,26,0,49,396,25,0.0,1
1377,2,3,21355.0,1,0,5,0,39,68,13,0.2,2
1378,3,5,57420.0,0,1,22,0,53,322,22,0.2,1
1379,3,5,51381.5,0,1,39,0,54,317,19,0.0,1
1380,3,2,46390.0,0,1,56,0,69,222,17,0.0,1
1381,0,5,54342.0,1,1,74,0,68,177,18,0.0,2
1382,2,5,51381.5,1,1,87,0,66,45,10,0.0,2
1383,0,4,51381.5,1,1,49,0,60,21,11,0.0,2
1384,2,3,20895.0,1,0,24,0,51,45,15,0.0,2
1385,2,3,92344.0,0,0,9,0,76,1899,21,0.4,0
1386,4,5,51381.5,1,0,17,0,52,42,12,0.0,2
1387,0,5,26907.0,1,1,10,0,48,22,13,0.0,2
1388,2,5,44964.0,1,1,35,0,44,41,13,0.0,2
1389,2,5,75507.0,0,0,56,0,45,1440,24,0.0,1
1390,3,3,53761.0,1,1,7,0,52,325,22,0.0,2
1391,2,5,22682.0,1,0,51,0,51,95,14,0.0,2
1392,4,5,38887.0,1,0,17,0,52,42,12,0.0,2
1393,0,4,41658.0,1,1,30,0,49,72,10,0.0,2
1394,4,3,29791.0,1,0,21,0,52,20,12,0.0,2
1395,3,3,63915.0,0,2,2,0,68,789,28,0.0,1
1396,2,2,39996.0,1,1,85,0,50,15,10,0.0,2
1397,2,2,26759.0,1,0,65,0,52,59,14,0.0,2
1398,3,2,63841.0,0,1,64,0,56,908,28,0.0,1
1399,4,3,51039.0,1,1,11,0,55,417,21,0.0,1
1400,2,3,60544.0,1,1,92,0,63,289,21,0.0,1
1401,2,3,65685.0,0,1,54,0,52,769,26,0.0,1
1402,2,3,37716.0,0,1,4,0,71,188,17,0.0,1
1403,2,4,36864.0,0,1,53,0,67,354,22,0.0,1
1404,3,3,44511.0,1,0,39,0,54,727,34,0.0,1
1405,4,3,36947.0,1,1,49,0,57,146,20,0.0,2
1406,3,5,47352.0,0,1,70,0,73,319,23,0.0,1
1407,3,3,67087.0,0,1,40,0,71,794,26,0.0,1
1408,2,3,57045.0,0,1,40,0,74,454,21,0.0,1
1409,4,2,36957.0,1,1,43,0,71,152,20,0.0,2
1410,4,3,69389.0,0,1,17,0,47,797,26,0.0,1
1411,2,3,80134.0,1,0,40,0,52,1690,22,0.6,0
1412,3,3,43142.0,1,1,84,0,55,20,11,0.0,2
1414,2,4,34412.0,1,0,62,0,34,209,20,0.0,2
1415,2,4,57537.0,1,0,83,0,45,545,23,0.0,2
1416,1,5,22634.0,0,0,47,0,58,96,14,0.0,2
1417,2,5,51315.0,0,0,45,0,76,222,12,0.0,2
1418,2,3,36026.0,2,1,34,0,52,61,13,0.0,2
1419,2,3,24639.0,1,1,3,0,51,44,15,0.0,2
1420,4,5,34578.0,2,1,1,0,52,8,10,0.0,2
1422,2,4,63810.0,0,1,45,0,58,1371,31,0.2,1
1423,4,5,54132.0,0,1,81,0,55,42,12,0.0,1
1424,2,3,18690.0,0,0,77,0,65,60,13,0.0,2
1425,2,3,28164.0,1,0,23,0,54,78,16,0.0,2
1426,4,3,34596.0,1,0,48,0,50,23,12,0.0,2
1427,4,3,43269.0,1,0,61,0,52,19,12,0.0,2
1428,0,4,38741.0,1,1,60,0,66,61,14,0.0,2
1429,2,4,31907.0,0,0,75,0,52,449,21,0.0,2
1430,3,3,27100.0,1,0,64,0,41,37,12,0.0,2
1431,0,2,31163.0,1,0,54,0,51,38,11,0.0,2
1432,2,3,92533.0,0,0,84,0,39,1131,25,0.4,0
1433,2,4,34853.0,1,1,75,0,51,34,13,0.0,2
1434,2,2,70844.0,1,1,16,0,57,294,24,0.0,1
1435,0,3,31086.0,1,1,79,0,45,48,14,0.2,2
1436,2,3,60544.0,1,1,92,0,63,289,21,0.0,1
1437,0,5,20491.0,0,0,16,0,38,30,11,0.0,2
1438,2,3,42523.0,0,0,96,0,60,125,9,0.0,2
1439,2,3,39922.0,1,0,30,0,41,156,17,0.0,2
1440,2,5,33402.0,1,1,60,0,72,70,17,0.0,2
1441,3,3,36408.0,1,1,11,0,75,22,10,0.0,2
1442,2,5,21645.0,1,0,75,0,45,65,18,0.0,2
1443,3,6,78427.0,0,0,36,0,76,1930,26,0.2,0
1445,2,3,51876.0,0,0,88,0,66,310,14,0.0,2
1447,2,3,52852.0,0,1,93,0,67,879,34,0.2,1
1448,4,5,70038.0,0,0,54,0,42,1244,19,0.0,1
1449,0,5,69401.0,0,1,41,0,51,690,19,0.0,1
1450,2,5,46053.0,1,0,46,0,52,209,17,0.0,2
1452,2,4,73892.0,0,0,40,0,71,1507,24,0.0,1
1453,4,4,40304.0,1,0,82,0,57,57,13,0.0,2
1454,4,5,32727.0,0,0,38,0,59,529,25,0.0,1
1455,2,5,68695.0,0,0,3,0,55,1091,18,0.0,1
1456,2,2,43300.0,0,1,87,0,53,180,19,0.0,1
1457,2,5,26290.0,1,1,49,0,52,77,16,0.0,2
1458,2,4,93790.0,0,0,16,0,54,2349,27,0.6,0
1459,4,3,38410.0,0,0,65,0,50,534,24,0.0,1
1460,3,6,64866.0,0,1,9,0,74,556,26,0.2,1
1461,2,5,57957.0,0,1,24,1,65,637,28,0.0,3
1462,4,5,46015.0,1,1,25,0,69,46,12,0.4,2
1463,2,5,16531.0,1,0,43,0,46,44,16,0.0,2
1464,3,3,28072.0,1,0,10,0,38,47,12,0.0,2
1465,3,2,49476.0,0,1,29,0,61,795,24,0.0,1
1466,2,3,50725.0,0,1,45,0,71,586,29,0.0,1
1467,2,5,83844.0,0,0,57,0,72,1574,21,0.2,0
1468,4,3,41145.0,1,1,20,0,74,13,7,0.0,2
1469,2,5,67419.0,0,1,29,0,54,1471,30,0.0,1
1470,0,3,23162.0,1,1,82,0,54,65,14,0.0,2
1471,2,3,34380.0,1,0,68,0,47,175,20,0.0,2
1472,2,4,34704.0,0,1,65,0,58,40,10,0.0,2
1473,4,3,94871.0,0,2,99,0,55,1078,25,0.4,0
1474,2,3,65148.0,0,1,9,0,66,1115,25,0.0,1
1475,2,5,39898.0,0,1,20,0,70,134,16,0.0,1
1477,4,3,59892.0,0,1,26,0,54,87,10,0.0,1
1478,3,4,41020.0,0,0,68,0,37,217,13,0.0,2
1479,4,3,57072.0,0,1,79,0,63,1034,32,0.2,1
1481,2,5,62807.0,0,1,83,0,64,819,28,0.0,1
1482,0,5,19414.0,1,0,32,0,43,32,13,0.0,2
1483,2,3,19107.0,1,0,49,0,44,46,13,0.0,2
1485,3,4,70379.0,0,1,84,0,48,860,29,0.0,1
1486,3,5,79419.0,0,0,96,0,54,1631,17,0.0,1
1487,4,5,64014.0,2,1,56,0,78,444,29,0.2,1
1489,3,5,49854.0,1,0,63,0,52,380,24,0.0,2
1491,4,2,42873.0,1,1,11,0,74,269,23,0.0,1
1493,2,5,57867.0,1,0,48,0,46,612,31,0.0,1
1494,2,3,35765.0,1,0,86,0,34,75,14,0.0,2
1496,2,2,32952.0,1,0,36,0,47,55,13,0.0,2
1497,4,5,53374.0,0,1,34,0,55,1064,30,0.2,1
1498,2,5,71706.0,0,1,16,0,65,1443,30,0.0,1
1499,2,3,68487.0,0,0,48,0,36,1366,34,0.0,1
1500,3,5,53253.0,1,1,61,0,49,436,24,0.0,1
1501,0,2,31163.0,1,0,54,0,51,38,11,0.0,2
1502,2,3,42014.0,1,0,56,0,47,436,28,0.0,2
1504,4,4,49667.0,0,0,35,0,69,1396,30,0.2,0
1505,3,3,63206.0,0,0,65,0,50,928,16,0.2,0
1509,2,5,53977.0,0,1,21,0,66,907,32,0.0,1
1510,2,3,84219.0,0,0,27,0,36,1198,19,0.0,1
1511,3,4,46098.0,1,1,86,0,49,120,19,0.0,2
1512,2,3,73538.0,0,1,92,0,59,1658,33,0.0,1
1514,0,5,20981.0,0,0,14,0,47,73,15,0.0,2
1515,2,4,51766.0,1,0,74,0,44,275,17,0.0,2
1516,2,3,55759.0,0,1,84,0,62,854,34,0.0,1
1517,2,3,33039.0,1,0,4,0,46,78,12,0.0,2
1518,3,3,37787.0,1,0,50,0,52,106,15,0.0,2
1519,2,4,27242.0,1,0,2,0,54,106,16,0.0,2
1520,4,4,87188.0,0,0,73,0,41,1923,22,0.0,1
1522,2,4,37697.0,1,0,82,0,48,84,13,0.0,2
1523,4,3,37401.0,1,0,14,0,51,48,14,0.0,2
1527,2,5,28087.0,1,1,77,0,66,112,16,0.0,2
1529,2,5,19740.0,0,1,65,0,64,55,12,0.0,2
1530,0,3,57036.0,0,1,33,0,49,1513,35,0.2,0
1531,0,5,53083.0,1,1,65,0,66,271,24,0.2,2
1532,4,3,69283.0,0,1,41,0,49,904,32,0.0,1
1533,3,4,46098.0,1,1,86,0,49,120,19,0.0,2
1534,0,3,23331.0,1,0,92,0,36,103,16,0.0,2
1535,0,4,23331.0,1,0,97,0,36,269,26,0.0,2
1536,2,4,9255.0,1,0,91,0,35,22,13,0.0,2
1537,4,6,67786.0,0,0,0,0,65,1156,17,0.0,1
1538,4,3,71969.0,0,1,59,0,53,1086,27,0.2,1
1539,3,4,59235.0,1,0,4,0,57,1128,35,0.0,1
1540,2,5,31928.0,1,0,5,0,35,72,16,0.0,2
1541,3,5,74881.0,1,1,48,0,63,964,32,0.0,1
1543,4,4,51411.0,1,2,81,0,71,18,9,0.0,2
1544,2,2,51983.0,0,1,95,0,60,793,31,0.0,1
1545,3,5,42386.0,1,0,43,0,38,100,15,0.0,2
1546,0,3,30390.0,0,0,5,0,37,80,12,0.0,2
1547,2,4,30983.0,0,0,50,0,61,167,16,0.0,2
1548,2,6,66033.0,0,1,76,0,67,677,27,0.0,1
1549,0,3,37284.0,1,1,46,0,49,23,10,0.0,2
1550,3,2,57530.0,0,1,68,0,73,92,8,0.0,1
1551,0,3,76800.0,0,0,33,0,59,641,17,0.0,1
1553,2,5,76081.0,0,0,85,0,62,1033,16,0.2,0
1554,2,3,67445.0,0,1,63,0,50,1174,38,0.0,1
1555,3,3,37054.0,1,1,89,0,57,25,13,0.0,2
1556,3,5,47175.0,1,1,81,0,62,240,25,0.2,1
1557,2,2,31859.0,1,0,77,0,48,20,11,0.0,2
1558,2,2,27215.0,2,1,50,0,63,102,17,0.0,2
1559,4,2,70179.0,0,1,10,0,48,1034,31,0.0,1
1560,2,3,39922.0,1,0,30,0,41,156,17,0.0,2
1561,3,3,49681.0,0,2,66,0,48,458,28,0.0,1
1562,2,3,24645.0,1,0,16,0,36,17,12,0.0,2
1563,2,2,79865.0,0,1,12,0,70,792,22,0.0,1
1564,2,3,44322.0,1,0,30,0,39,92,16,0.0,2
1565,2,4,47958.0,0,1,8,0,72,407,21,0.0,1
1566,3,4,63972.0,0,1,93,0,60,1269,27,0.2,1
1567,2,5,75315.0,0,1,14,0,70,841,25,0.0,1
1568,4,3,55517.0,1,1,53,0,74,633,32,0.0,1
1570,4,4,82800.0,0,0,23,0,78,1315,29,0.4,0
1571,2,3,38998.0,1,1,92,1,70,54,16,0.0,3
1573,3,3,27161.0,1,0,41,0,38,52,12,0.0,2
1574,2,3,42014.0,1,0,56,0,47,436,28,0.0,2
1575,4,5,38201.0,0,1,19,0,64,268,23,0.0,1
1576,2,5,45203.0,2,0,4,0,42,147,14,0.0,2
1577,4,5,81574.0,0,0,89,0,77,1798,19,0.4,0
1578,2,3,34935.0,0,0,71,0,32,137,15,0.0,2
1579,3,4,60482.0,0,1,81,0,48,507,24,0.0,1
1580,2,5,34633.0,2,1,31,0,68,15,10,0.0,2
1581,3,5,78093.0,0,0,53,0,77,1105,18,0.0,1
1582,2,2,82460.0,0,0,78,0,74,974,16,0.0,1
1583,3,5,45903.0,0,1,80,0,58,66,12,0.0,2
1584,2,2,81361.0,0,0,18,0,37,778,28,0.0,1
1585,4,2,35860.0,1,1,37,0,51,49,11,0.2,2
1586,3,5,40442.0,1,1,52,0,72,169,19,0.0,2
1587,2,3,61482.0,0,0,39,0,59,299,14,0.0,1
1588,2,3,34968.0,1,0,11,0,44,221,24,0.0,2
1590,4,5,31497.0,0,1,22,0,62,155,18,0.0,1
1592,1,5,13724.0,1,0,43,0,36,58,14,0.2,2
1593,3,5,45143.0,0,1,74,0,59,311,22,0.0,1
1594,4,4,52569.0,0,1,54,0,57,95,10,0.0,1
1595,4,4,48432.0,0,1,3,0,51,424,27,0.0,1
1596,3,5,17144.0,1,1,96,0,64,47,19,0.0,2
1597,2,4,36108.0,1,0,68,0,40,339,24,0.2,2
1598,2,3,76445.0,1,0,2,0,53,1410,27,0.0,1
1599,4,3,36663.0,1,0,40,0,49,35,8,0.0,2
1600,3,3,53843.0,0,1,64,0,59,562,27,0.0,1
1602,3,2,70638.0,0,0,69,0,69,1334,23,0.2,0
1603,2,5,44512.0,1,1,57,0,64,32,10,0.0,2
1604,2,3,27116.0,1,1,78,0,63,41,14,0.0,2
1605,4,3,54072.0,1,1,71,0,61,39,13,0.0,2
1606,2,3,71855.0,0,1,59,0,47,1141,28,0.0,1
1607,0,4,51250.0,1,0,28,0,34,710,33,0.2,2
1608,3,3,60432.0,0,1,61,0,51,401,25,0.0,1
1609,4,3,65526.0,0,1,22,0,60,506,19,0.0,1
1610,2,4,68655.0,0,0,95,0,36,1538,24,0.0,1
1611,0,3,12393.0,0,0,38,0,46,57,15,0.0,2
1613,2,4,33955.0,1,0,92,0,49,270,23,0.0,2
1614,2,3,31353.0,1,1,24,0,47,31,14,0.0,2
1615,2,3,55434.0,1,0,21,0,40,882,28,0.0,1
1616,2,5,28359.0,1,0,35,0,41,16,11,0.0,2
1617,2,4,57100.0,1,0,9,0,37,311,17,0.0,2
1618,2,3,69139.0,0,1,23,0,59,227,15,0.0,1
1619,3,3,52973.0,0,1,92,0,68,1152,39,0.0,1
1620,4,5,51717.0,0,1,55,0,59,122,15,0.2,1
1621,2,3,18793.0,1,0,14,0,53,77,17,0.0,2
1624,2,5,54414.0,1,1,49,0,61,211,17,0.0,2
1625,4,3,54549.0,0,1,8,0,72,233,19,0.0,1
1626,4,6,47111.0,0,1,35,0,53,1092,30,0.0,1
1627,4,2,41003.0,0,0,11,0,61,601,23,0.0,1
1628,2,5,19444.0,1,0,8,0,42,54,17,0.0,2
1629,0,5,36301.0,1,0,53,0,48,78,14,0.0,2
1630,4,5,73059.0,0,1,36,0,77,1095,30,0.0,1
1631,4,5,42731.0,1,0,64,0,55,244,18,0.0,2
1632,4,3,52854.0,1,1,43,0,65,116,14,0.0,2
1633,2,5,22775.0,1,0,40,0,46,15,12,0.0,2
1634,4,5,46681.0,0,2,52,0,76,425,21,0.0,1
1635,4,3,59821.0,0,1,11,0,69,734,34,0.0,1
1636,2,2,50002.0,0,1,21,0,70,638,26,0.0,1
1637,2,3,69755.0,0,0,23,0,79,894,23,0.0,1
1638,2,3,44078.0,1,1,17,0,55,41,12,0.0,2
1639,3,5,30560.0,1,0,6,0,48,31,12,0.0,2
1640,3,5,35924.0,1,1,56,0,55,34,10,0.0,2
1642,2,5,56386.0,1,1,51,0,43,612,34,0.0,1
1643,1,5,24594.0,1,0,94,0,45,29,10,0.0,2
1645,3,2,39228.0,0,0,1,0,64,20,8,0.0,2
1646,3,3,58494.0,0,1,56,0,50,396,22,0.0,1
1647,2,4,58684.0,0,0,71,0,43,813,23,0.2,0
1648,2,2,57136.0,0,0,18,0,57,1179,26,0.0,1
1649,4,6,56551.0,1,1,48,0,74,138,14,0.0,2
1650,2,3,22448.0,1,0,86,0,42,55,12,0.0,2
1652,2,6,34213.0,1,1,2,0,61,117,18,0.0,2
1654,4,6,25358.0,0,1,57,0,77,32,12,0.0,2
1655,3,4,35544.0,1,0,77,0,46,67,13,0.0,2
1656,3,5,36634.0,0,1,0,0,70,335,22,0.0,1
1657,4,3,62670.0,0,1,57,0,70,825,25,0.0,1
1658,0,5,50334.0,0,1,24,0,52,694,29,0.0,1
1659,2,4,72066.0,0,0,55,0,43,1792,19,0.4,0
1661,2,5,34916.0,2,0,89,0,56,231,22,0.0,2
1662,2,2,64892.0,0,1,77,0,48,902,28,0.0,1
1663,2,4,43602.0,1,1,45,0,58,68,15,0.0,2
1664,4,4,33996.0,0,0,46,0,35,71,10,0.0,2
1665,0,4,41473.0,1,0,80,0,39,76,13,0.0,2
1666,4,3,63246.0,0,2,60,0,57,772,26,0.0,1
1667,4,3,36732.0,1,1,71,0,65,47,11,0.0,2
1668,4,3,69084.0,1,0,43,0,54,1586,33,0.0,1
1669,4,3,77766.0,0,1,97,0,57,1529,40,0.2,0
1670,4,4,37929.0,0,0,49,0,39,265,20,0.4,0
1672,3,3,80141.0,0,0,20,0,38,2091,28,0.2,0
1673,0,3,72635.0,0,0,54,0,69,981,24,0.2,0
1674,2,3,69016.0,0,1,61,0,54,1533,39,0.0,1
1675,0,5,20193.0,0,0,18,0,33,82,11,0.0,2
1676,2,3,27573.0,1,0,45,0,49,244,22,0.0,2
1677,1,4,15862.0,1,0,26,0,45,36,13,0.0,2
1678,4,3,49544.0,1,0,0,0,48,404,23,0.0,2
1679,2,3,33228.0,1,0,28,0,44,71,13,0.0,2
1680,2,5,70440.0,0,0,49,0,46,1572,26,0.2,0
1681,2,5,38232.0,1,1,84,0,53,122,16,0.0,2
1682,4,3,22554.0,1,1,38,0,69,41,15,0.0,2
1683,4,3,23536.0,1,0,53,0,41,10,7,0.0,2
1684,2,3,49413.0,0,1,88,0,72,304,18,0.0,1
1685,2,3,42231.0,1,1,99,0,55,37,10,0.0,2
1687,2,5,56534.0,0,1,35,0,56,815,33,0.4,0
1688,2,4,58350.0,0,1,5,0,53,1001,33,0.0,1
1689,2,4,81217.0,0,0,77,0,35,1157,23,0.0,1
1690,2,4,49090.0,0,1,45,0,73,688,28,0.0,1
1691,3,2,61787.0,0,0,71,0,37,1319,24,0.0,1
1692,4,3,18169.0,1,0,40,0,39,21,12,0.0,2
1693,0,4,24336.0,1,0,82,0,43,31,11,0.0,2
1694,2,3,18222.0,0,0,70,0,34,67,14,0.0,2
1695,2,2,62335.0,0,1,87,0,72,708,23,0.0,1
1696,0,5,42033.0,1,1,95,0,53,25,11,0.0,2
1697,4,3,86580.0,0,0,72,0,41,746,12,0.2,0
1698,4,2,41437.0,1,1,5,0,67,32,12,0.0,2
1700,2,3,61064.0,0,1,80,0,48,1080,34,0.0,1
1701,3,3,38452.0,1,1,62,0,69,72,16,0.0,2
1702,2,4,18358.0,1,0,49,0,35,57,17,0.0,2
1703,4,5,55012.0,0,1,85,0,51,660,30,0.0,1
1704,1,5,9722.0,1,0,7,0,51,103,19,0.0,2
1705,4,3,38175.0,1,0,6,0,40,153,18,0.0,2
1706,3,5,58656.0,0,1,25,0,68,1220,38,0.2,1
1707,2,5,52117.0,0,1,55,0,59,279,20,0.0,1
1708,2,3,64813.0,1,0,81,0,46,745,25,0.0,1
1709,4,3,54222.0,0,1,98,0,51,264,15,0.0,1
1710,2,3,83512.0,0,0,31,0,38,2157,23,0.8,0
1711,3,3,77520.0,0,1,30,0,65,1526,27,0.6,0
1712,2,5,41154.0,0,1,98,0,46,69,11,0.0,2
1714,1,4,18746.0,1,0,41,0,32,64,14,0.0,2
1715,2,5,35196.0,1,0,68,0,40,497,26,0.0,2
1716,2,4,60230.0,0,1,78,0,68,1067,22,0.0,1
1717,2,3,22108.0,1,1,46,0,47,31,14,0.0,2
1718,2,5,44392.0,1,1,71,0,50,211,21,0.0,2
1719,4,3,55424.0,0,1,6,0,48,877,31,0.2,1
1720,2,3,17688.0,1,0,82,1,45,11,12,0.0,3
1723,4,6,82571.0,0,0,28,0,62,1686,26,0.2,0
1724,4,4,38513.0,1,0,20,0,42,324,25,0.0,2
1725,3,4,16653.0,1,0,10,0,45,69,15,0.0,2
1726,2,5,42586.0,1,1,7,0,69,252,24,0.0,2
1727,1,4,23529.0,0,1,67,0,59,54,11,0.0,2
1728,3,5,74881.0,1,1,48,0,63,964,32,0.0,1
1730,4,5,46910.0,1,1,36,0,60,68,13,0.0,2
1731,2,3,18690.0,0,0,77,0,65,60,13,0.0,2
1732,2,2,37244.0,1,1,90,0,69,55,12,0.2,2
1734,0,4,75342.0,0,1,38,0,66,563,22,0.0,1
1735,2,2,70044.0,0,1,46,0,70,1504,31,0.0,1
1736,2,4,79146.0,1,1,33,0,57,564,25,0.0,1
1737,2,3,77437.0,0,0,70,0,61,1125,24,0.2,0
1738,2,3,54984.0,0,1,51,0,65,358,24,0.2,1
1739,4,3,42403.0,1,0,18,0,53,42,13,0.0,2
1740,2,5,55761.0,0,1,97,0,60,184,16,0.2,1
1741,2,5,37292.0,1,0,32,0,41,460,27,0.0,2
1742,4,4,45576.0,0,0,9,0,79,145,16,0.0,1
1743,2,5,70321.0,0,0,6,0,77,1376,29,0.0,1
1744,4,2,58086.0,0,1,80,0,55,792,31,0.0,1
1745,2,3,81795.0,0,0,74,0,72,1382,25,0.0,1
1746,1,5,28389.0,0,0,49,0,77,28,11,0.0,2
1747,3,3,66835.0,0,0,21,0,78,1033,26,0.0,1
1748,2,2,69901.0,0,1,95,0,55,882,28,0.0,1
1750,4,5,63342.0,0,1,48,0,63,1101,25,0.2,1
1751,2,3,44989.0,0,1,26,0,50,369,22,0.0,1
1752,0,4,31859.0,1,0,3,0,44,48,12,0.0,2
1753,4,6,51569.0,0,1,39,0,75,467,27,0.2,1
1754,2,6,30372.0,1,1,33,0,53,44,15,0.0,2
1755,1,4,16014.0,1,1,42,0,45,38,13,0.0,2
1756,2,3,41120.0,1,1,80,0,56,81,15,0.0,2
1757,3,4,39763.0,1,0,9,0,53,167,19,0.0,2
1758,4,3,38725.0,1,1,52,0,69,45,11,0.0,2
1759,2,3,77981.0,1,0,78,0,52,664,26,0.0,1
1760,0,3,62905.0,0,1,68,0,60,622,24,0.0,1
1761,0,2,13533.0,1,0,45,0,45,48,14,0.0,2
1762,2,5,59481.0,0,1,47,0,49,461,18,0.0,1
1763,2,3,72117.0,0,1,34,0,47,1073,31,0.0,1
1764,0,3,21955.0,1,0,81,0,38,55,14,0.0,2
1765,2,3,67131.0,0,1,72,0,68,976,32,0.0,1
1766,4,4,36802.0,1,0,23,0,44,20,10,0.0,2
1767,2,5,71853.0,0,0,29,0,42,1149,18,0.0,1
1768,1,3,28249.0,0,0,80,0,63,43,12,0.0,2
1769,3,3,47808.0,0,1,30,0,49,224,17,0.2,1
1770,4,2,25509.0,1,0,15,0,50,101,18,0.0,2
1771,4,3,51012.0,0,0,86,0,78,209,16,0.0,1
1772,2,4,70596.0,0,0,68,0,39,968,23,0.0,1
1773,4,5,85431.0,0,0,54,0,72,1165,17,0.0,1
1774,2,3,42664.0,0,1,44,0,57,24,11,0.0,2
1775,2,5,42586.0,1,1,7,0,69,252,24,0.0,2
1776,2,4,29760.0,1,0,87,0,39,165,20,0.0,2
1777,4,3,28973.0,0,0,59,0,47,269,21,0.0,2
1778,4,5,39435.0,1,0,16,0,51,102,14,0.0,2
1779,0,3,65370.0,0,0,1,0,40,461,20,0.0,1
1780,1,4,20194.0,1,0,64,0,45,47,13,0.0,2
1781,4,4,42473.0,1,1,72,0,48,144,15,0.0,2
1782,2,3,64590.0,0,0,98,0,56,1338,30,0.0,1
1783,2,5,71232.0,0,1,91,0,65,917,32,0.0,1
1784,2,5,34600.0,1,1,8,0,53,318,25,0.0,2
1785,2,4,46904.0,1,1,20,0,57,253,22,0.0,2
1786,2,3,49094.0,0,1,6,0,51,502,26,0.0,1
1787,2,5,36075.0,1,0,54,0,41,119,13,0.0,2
1789,2,5,77298.0,0,1,46,0,45,969,27,0.0,1
1790,2,5,34026.0,1,1,11,0,74,76,14,0.0,2
1791,4,4,48918.0,1,1,21,0,61,62,11,0.0,2
1792,0,5,82122.0,0,0,89,0,62,1382,27,0.2,0
1793,2,4,37697.0,1,0,82,0,48,84,13,0.0,2
1794,2,5,34074.0,1,1,69,0,72,255,20,0.2,2
1795,3,3,28520.0,1,1,55,0,64,43,11,0.0,2
1796,2,4,62535.0,0,1,13,0,69,398,17,0.0,1
1797,3,4,36273.0,1,0,80,0,47,76,14,0.0,2
1798,2,5,63404.0,0,2,97,0,60,902,19,0.2,1
1800,2,5,78416.0,0,1,99,0,48,1179,29,0.0,1
1801,2,5,75702.0,0,1,87,0,50,1921,35,0.2,0
1802,3,5,59385.0,1,1,85,0,73,185,15,0.0,2
1804,2,3,44689.0,1,1,82,0,73,34,13,0.2,2
1805,2,5,53977.0,0,1,21,0,66,907,32,0.0,1
1807,2,4,18701.0,1,1,95,0,60,44,15,0.0,2
1809,4,4,63159.0,0,0,74,0,50,1797,20,0.2,0
1810,2,5,37758.0,1,1,49,0,58,40,14,0.0,2
1811,4,4,46757.0,0,1,71,0,61,1143,30,0.0,1
1812,3,3,79734.0,0,0,72,0,55,914,15,0.2,0
1814,2,2,72071.0,0,1,4,0,70,1338,22,0.0,1
1815,4,5,21840.0,1,0,80,0,41,27,14,0.0,2
1816,0,5,58582.0,0,1,15,0,42,763,27,0.2,1
1817,2,4,72282.0,0,0,70,0,73,1331,29,0.0,1
1818,2,3,50387.0,0,2,91,0,68,525,24,0.0,1
1819,4,5,32583.0,1,1,10,0,63,9,11,0.0,2
1820,2,5,62568.0,0,1,99,0,62,953,20,0.2,1
1821,3,2,44635.0,1,1,25,0,53,68,14,0.0,2
1822,3,4,33316.0,1,1,34,0,53,131,16,0.0,2
1823,2,3,63967.0,0,1,57,0,56,882,25,0.0,1
1825,2,3,25293.0,1,0,51,0,55,37,13,0.0,2
1826,4,6,54111.0,0,1,97,0,59,388,20,0.0,1
1828,3,3,80739.0,0,0,92,0,66,1633,25,0.0,1
1829,3,5,22669.0,1,0,30,0,49,173,19,0.0,2
1830,2,4,29236.0,1,0,30,0,37,99,18,0.0,2
1831,2,5,44911.0,0,1,11,0,65,215,19,0.0,1
1832,4,3,54693.0,0,1,72,0,62,929,37,0.0,1
1833,2,5,48186.0,1,0,39,0,50,219,19,0.0,2
1834,2,3,54809.0,1,1,0,0,47,174,16,0.0,2
1835,2,5,41580.0,1,1,15,0,46,92,14,0.0,2
1836,4,3,80336.0,0,0,12,0,54,1052,26,0.0,1
1837,2,3,47743.0,0,1,56,0,67,275,20,0.2,1
1838,0,3,62972.0,0,1,39,0,69,587,22,0.0,1
1840,4,5,32313.0,1,0,60,0,42,159,20,0.0,2
1841,3,6,84953.0,0,0,73,0,71,1024,20,0.6,0
1842,3,2,27071.0,1,0,90,0,56,35,13,0.0,2
1843,3,5,68148.0,0,0,86,0,67,1042,17,0.0,1
1844,3,5,65735.0,1,1,37,0,59,395,26,0.0,1
1845,4,3,86836.0,0,0,7,0,49,557,28,0.6,0
1847,2,3,30093.0,0,0,19,0,34,69,13,0.0,2
1848,4,3,57705.0,0,1,14,0,58,486,24,0.0,1
1849,2,4,25008.0,1,0,72,0,36,34,14,0.0,2
1850,0,4,83257.0,0,0,56,1,29,1365,34,0.4,3
1851,2,5,22280.0,1,0,85,0,49,13,12,0.0,2
1854,4,4,82733.0,0,0,28,0,40,1323,24,0.0,1
1855,3,2,74290.0,0,1,70,0,53,1217,38,0.4,0
1856,3,4,58217.0,2,1,84,0,73,103,13,0.0,2
1857,3,5,21024.0,0,0,89,0,48,84,14,0.0,2
1858,4,3,70116.0,0,0,73,0,52,1536,24,0.0,1
1859,2,5,54006.0,1,0,42,0,39,581,25,0.0,2
1860,4,3,69063.0,0,1,16,0,58,928,17,0.0,1
1861,0,2,11448.0,0,0,16,0,49,14,10,0.0,2
1862,2,4,61825.0,0,1,56,0,45,424,19,0.0,1
1863,2,3,70886.0,1,0,65,0,53,960,16,0.0,2
1864,2,3,69109.0,0,0,10,0,42,1555,24,0.2,0
1866,3,5,32889.0,1,1,78,0,56,55,14,0.0,2
1867,2,4,34738.0,1,0,51,0,40,20,11,0.0,2
1868,3,5,30538.0,1,0,27,0,53,367,27,0.0,2
1869,0,5,82326.0,0,0,30,0,47,2257,24,0.6,0
1870,4,2,26642.0,1,0,71,0,57,42,13,0.0,2
1872,2,4,44503.0,1,1,83,0,52,48,13,0.0,2
1873,4,4,60200.0,0,1,3,0,76,685,31,0.0,1
1874,2,2,49638.0,0,1,71,0,72,39,7,0.0,2
1875,0,4,23830.0,0,0,3,0,37,43,12,0.0,2
1878,4,5,69702.0,0,1,8,0,73,1039,30,0.0,1
1879,2,2,70300.0,1,0,89,0,49,1596,34,0.0,1
1880,4,3,70643.0,0,0,66,0,40,1828,24,0.0,1
1881,4,3,30396.0,1,0,22,0,55,34,13,0.2,2
1882,4,2,50616.0,0,1,56,0,56,149,17,0.0,1
1883,3,4,62772.0,0,1,74,0,55,946,25,0.2,1
1884,4,4,30298.0,0,0,48,0,39,28,9,0.0,2
1885,2,4,52413.0,1,0,67,0,40,450,24,0.0,2
1886,4,3,44155.0,1,1,24,0,67,46,9,0.0,2
1887,4,2,86979.0,0,0,67,0,53,1702,18,0.2,0
1888,2,5,76532.0,1,1,38,0,49,820,30,0.0,1
1889,2,3,42081.0,1,0,86,0,42,382,21,0.2,2
1890,4,3,67546.0,0,0,90,0,36,2126,23,0.0,1
1892,2,3,31158.0,1,0,62,0,39,72,15,0.0,2
1893,2,2,61671.0,0,1,23,0,56,732,36,0.4,0
1894,2,4,69719.0,0,0,99,0,50,801,12,0.0,1
1895,2,2,49160.0,0,1,29,0,75,236,18,0.0,1
1896,1,5,24882.0,1,0,52,0,46,80,11,0.2,2
1897,4,4,90933.0,0,0,90,0,70,1685,16,0.2,0
1899,4,5,59292.0,0,1,71,0,74,507,21,0.0,1
1900,4,3,45759.0,1,1,13,0,60,68,14,0.0,2
1901,2,4,22148.0,0,0,16,0,41,49,12,0.0,2
1902,3,3,73395.0,0,0,94,0,37,397,17,0.0,1
1903,2,2,29819.0,1,0,77,0,53,39,15,0.0,2
1904,2,3,45688.0,0,1,20,0,56,306,18,0.2,1
1905,2,3,62820.0,0,0,51,0,70,976,15,0.0,1
1906,4,3,60491.0,0,1,81,0,53,1028,33,0.0,1
1907,2,5,33235.0,1,0,71,0,38,70,14,0.0,2
1908,2,3,35701.0,0,0,36,0,65,46,11,0.0,2
1909,3,3,31535.0,1,0,95,0,44,51,12,0.2,2
1911,2,4,67384.0,0,1,32,0,54,1490,27,0.2,0
1912,3,5,80573.0,0,0,85,0,53,1564,26,0.0,1
1913,2,3,77870.0,0,1,93,0,57,1815,26,0.4,0
1914,4,6,52278.0,0,1,24,0,61,1198,39,0.0,1
1915,2,4,57107.0,0,1,44,0,56,416,31,0.4,0
1916,2,3,18929.0,0,0,15,0,34,85,12,0.0,2
1917,4,4,36038.0,1,0,82,0,43,47,14,0.0,2
1918,2,4,20180.0,0,0,27,0,48,137,15,0.0,2
1919,4,5,34230.0,1,1,72,0,59,21,11,0.0,2
1920,0,4,31878.0,0,1,7,0,47,70,9,0.0,2
1923,3,4,77598.0,0,0,53,0,81,1735,29,0.2,0
1924,2,4,80982.0,1,1,48,1,65,1191,35,0.0,3
1925,3,3,22701.0,1,0,2,0,47,24,10,0.0,2
1926,4,3,55212.0,0,1,65,0,55,1182,28,0.4,0
1927,2,3,70617.0,0,0,45,0,54,1280,16,0.0,1
1928,2,4,64849.0,0,0,42,0,67,1336,24,0.0,1
1929,3,3,62694.0,1,1,29,0,59,749,31,0.0,1
1930,4,3,61917.0,1,1,83,0,50,91,12,0.0,2
1931,4,3,67472.0,0,1,93,0,77,414,18,0.0,1
1932,3,3,21059.0,1,0,40,0,42,44,15,0.0,2
1933,3,3,29543.0,2,0,47,0,56,63,15,0.0,2
1934,2,3,75903.0,0,1,50,0,73,901,26,0.0,1
1935,0,5,34984.0,1,1,40,0,49,38,13,0.0,2
1936,4,4,54998.0,0,1,3,0,68,455,24,0.0,1
1937,4,6,54356.0,0,1,62,0,75,775,32,0.0,1
1938,3,3,34242.0,0,1,25,0,65,15,9,0.0,2
1939,2,3,25410.0,1,0,48,0,51,38,10,0.0,2
1940,4,3,73356.0,0,0,56,0,40,1512,24,0.6,0
1941,2,5,28320.0,0,1,68,0,74,43,13,0.0,2
1942,2,4,23763.0,1,0,64,0,47,42,12,0.0,2
1944,3,3,34529.0,1,0,94,0,48,162,16,0.0,2
1945,2,6,70792.0,0,0,82,0,73,1272,22,0.0,1
1947,3,3,83891.0,0,1,24,0,50,816,23,0.0,1
1948,2,4,36065.0,1,1,54,0,56,74,17,0.0,2
1949,2,5,39898.0,0,1,20,0,70,134,16,0.0,1
1950,4,4,51141.0,0,0,96,0,84,157,14,0.0,1
1951,2,3,56939.0,0,1,19,0,48,561,21,0.0,1
1952,2,4,80872.0,0,0,60,0,73,1336,20,0.0,1
1953,4,5,72335.0,0,0,2,0,48,2092,31,0.0,1
1954,4,4,61798.0,0,0,13,0,60,463,20,0.0,1
1955,4,6,76842.0,0,0,37,0,74,1130,17,0.0,1
1956,2,5,29478.0,1,0,59,0,48,20,11,0.0,2
1957,2,4,46998.0,0,1,55,0,68,377,25,0.2,1
1959,4,6,56551.0,1,1,48,0,74,138,14,0.0,2
1962,2,3,44359.0,1,1,19,0,46,45,12,0.0,2
1963,2,4,40887.0,1,1,32,0,72,161,19,0.0,2
1964,2,2,48877.0,0,1,27,0,58,144,15,0.0,1
1966,2,5,64474.0,0,1,59,0,52,823,27,0.0,1
1967,2,5,77226.0,0,1,29,0,61,1138,31,0.0,1
1968,2,6,72643.0,0,0,60,0,75,1429,23,0.2,0
1969,3,5,85738.0,0,0,41,0,46,1371,22,0.4,0
1970,2,2,55686.0,0,1,27,0,58,982,20,0.2,1
1971,2,4,39062.0,1,0,28,0,41,44,9,0.2,2
1972,2,5,34600.0,1,1,8,0,53,318,25,0.0,2
1973,2,3,40794.0,0,1,18,0,49,434,23,0.0,1
1974,0,3,54690.0,1,1,76,0,53,198,15,0.0,2
1977,4,4,38236.0,1,1,2,0,56,88,18,0.0,2
1978,2,3,36781.0,1,0,16,0,45,63,14,0.0,2
1979,3,4,31385.0,1,0,56,0,40,27,12,0.2,2
1980,2,3,24570.0,1,0,97,0,40,193,20,0.0,2
1981,4,2,25509.0,1,0,15,0,50,101,18,0.0,2
1982,2,3,94642.0,0,0,35,0,73,2211,22,0.4,0
1983,3,3,58646.0,0,1,3,0,62,140,12,0.0,1
1984,2,4,53201.0,1,1,49,0,49,415,29,0.0,1
1985,2,5,21994.0,0,1,4,0,67,22,9,0.0,2
1986,2,3,57113.0,1,1,45,0,46,263,23,0.0,2
1987,2,3,51373.0,0,0,37,0,33,393,16,0.0,2
1988,2,3,23477.0,1,0,39,0,38,147,18,0.0,2
1989,2,3,58116.0,0,1,38,0,68,443,18,0.0,1
1990,4,2,72968.0,0,0,8,0,61,1958,22,0.2,0
1991,3,3,39791.0,0,1,89,0,53,174,17,0.0,1
1992,3,4,91712.0,0,0,47,0,77,2217,30,0.2,0
1993,2,4,94472.0,0,1,75,0,66,1691,21,0.4,0
1994,2,5,13672.0,1,1,86,0,64,25,14,0.0,2
1995,0,3,96547.0,0,0,4,0,44,809,23,0.6,0
1996,2,3,79205.0,0,0,73,0,49,895,20,0.2,0
1997,4,5,56559.0,0,1,46,0,49,484,22,0.0,1
1998,4,3,32644.0,1,0,38,0,51,413,26,0.2,2
1999,0,4,67506.0,0,1,73,0,44,331,15,0.0,1
2000,2,4,24206.0,1,0,66,0,54,25,11,0.0,2
2001,4,2,28420.0,1,0,36,0,57,13,10,0.0,2
2002,2,3,22979.0,1,0,29,0,54,115,18,0.0,2
2003,2,4,33279.0,0,0,29,0,58,16,7,0.0,2
2004,3,4,46423.0,1,1,6,0,52,92,16,0.0,2
2005,2,3,30368.0,0,1,97,0,47,52,15,0.0,2
2007,2,2,41638.0,0,1,68,0,60,441,25,0.2,1
2008,4,2,68805.0,0,1,73,0,65,283,14,0.0,1
2009,4,5,65814.0,0,1,90,0,58,747,28,0.0,1
2011,2,4,39146.0,1,0,1,0,38,165,19,0.0,2
2014,2,4,68281.0,0,0,31,0,66,1655,30,0.0,1
2015,0,3,37284.0,1,1,46,0,49,23,10,0.0,2
2016,2,3,36790.0,0,0,14,0,41,66,15,0.0,2
2017,2,5,27943.0,1,1,89,0,57,37,16,0.0,2
2018,2,2,22263.0,1,1,31,1,73,21,12,0.0,3
2019,2,5,30261.0,1,2,75,0,52,22,12,0.0,2
2020,2,5,28587.0,1,0,42,0,46,78,15,0.0,2
2021,3,3,43815.0,1,0,53,0,42,79,12,0.0,2
2022,2,3,48195.0,1,1,53,0,68,265,23,0.0,1
2023,3,3,77027.0,0,1,23,0,72,1175,23,0.0,1
2025,3,3,32765.0,1,0,49,0,45,46,13,0.0,2
2026,2,5,29672.0,1,1,6,0,59,25,10,0.0,2
2027,2,2,23272.0,0,0,29,0,71,46,9,0.0,2
2028,3,5,49912.0,0,1,5,0,75,874,34,0.2,1
2029,0,5,7500.0,1,0,98,0,39,100,19,0.0,2
2030,4,6,68117.0,0,1,80,0,77,930,31,0.2,1
2031,2,3,67225.0,0,1,4,0,69,868,28,0.0,1
2032,2,3,17649.0,1,0,70,0,48,45,17,0.0,2
2034,2,3,40059.0,1,0,82,0,40,414,20,0.2,2
2035,2,5,60905.0,0,1,27,0,74,392,17,0.0,1
2036,2,3,75330.0,1,1,94,0,47,1109,35,0.0,1
2037,2,4,60689.0,0,1,23,0,73,639,25,0.0,1
2038,2,3,38680.0,1,0,97,0,40,79,13,0.0,2
2040,2,4,49767.0,0,0,92,0,33,692,22,0.0,1
2042,2,3,29009.0,1,0,19,0,43,44,13,0.0,2
2043,3,3,45057.0,1,0,80,0,45,50,11,0.0,2
2044,2,3,37150.0,1,0,80,0,53,467,28,0.0,2
2045,2,4,43020.0,1,0,79,0,54,223,18,0.0,2
2046,2,3,53154.0,0,1,50,0,65,158,13,0.0,1
2047,2,3,65308.0,0,0,60,0,51,1211,32,0.4,0
2049,0,3,81044.0,0,0,0,0,77,1208,23,0.0,1
2050,2,3,32871.0,1,1,28,0,73,43,9,0.0,2
2051,2,4,55801.0,1,1,35,0,49,527,28,0.2,1
2052,2,6,76320.0,0,1,49,0,65,932,17,0.0,1
2053,3,4,36927.0,1,1,46,0,69,71,16,0.0,2
2054,2,5,48794.0,1,1,97,0,71,54,9,0.0,2
2055,2,4,23478.0,0,0,51,0,59,129,15,0.0,2
2057,4,2,70179.0,0,1,10,0,48,1034,31,0.0,1
2058,2,3,59462.0,0,1,29,0,74,1088,32,0.0,1
2059,3,5,51381.5,1,1,52,0,55,721,28,0.0,1
2060,2,5,38361.0,1,0,74,0,55,137,17,0.0,2
2061,4,4,51381.5,1,0,82,0,43,47,14,0.0,2
2062,4,5,70038.0,0,0,54,0,42,1244,19,0.0,1
2063,2,5,42554.0,1,1,93,0,46,41,11,0.0,2
2064,2,3,67445.0,0,1,63,0,50,1174,38,0.0,1
2066,2,3,42192.0,0,0,40,0,76,100,11,0.0,2
2067,4,3,77610.0,0,1,70,0,72,1680,24,0.0,1
2068,2,3,31761.0,1,0,96,0,40,98,14,0.0,2
2069,2,5,34350.0,1,0,81,0,45,48,12,0.0,2
2070,2,5,54591.0,0,1,63,0,75,519,24,0.0,1
2072,2,3,25293.0,1,0,51,0,55,37,13,0.0,2
2073,4,4,42000.0,0,0,23,0,37,653,25,0.0,1
2074,2,3,69520.0,0,0,95,0,41,1455,26,0.0,1
2075,2,2,64713.0,1,0,11,0,54,602,23,0.0,1
2076,3,3,27889.0,1,0,42,0,47,26,11,0.0,2
2077,1,6,22123.0,0,0,77,0,64,102,12,0.0,2
2078,2,3,51381.5,1,1,82,0,53,97,18,0.0,2
2079,3,5,51381.5,0,1,83,0,70,207,17,0.0,1
2080,2,3,27803.0,1,0,40,0,51,176,17,0.0,2
2081,2,4,51381.5,0,1,95,0,69,450,22,0.0,1
2082,2,3,51651.0,0,1,32,0,64,433,25,0.0,1
2083,2,3,68487.0,0,0,48,0,36,1366,34,0.0,1
2084,3,6,51381.5,0,0,75,0,81,1564,23,0.2,0
2085,2,3,56796.0,0,1,24,0,55,1001,34,0.0,1
2086,0,3,87000.0,0,0,61,0,32,961,20,0.0,1
2087,2,3,79823.0,0,1,6,0,65,1518,25,0.2,0
2088,2,4,30828.0,1,0,16,0,44,56,11,0.0,2
2089,3,3,34109.0,0,1,39,0,53,22,8,0.0,2
2090,3,2,53367.0,1,1,2,0,50,400,28,0.0,1
2091,1,5,22390.0,0,0,49,0,55,26,11,0.0,2
2092,2,5,71322.0,0,1,31,0,48,350,15,0.0,1
2094,3,5,49912.0,0,1,5,0,75,874,34,0.2,1
2095,4,3,48699.0,1,1,90,0,74,40,10,0.0,2
2097,2,4,54252.0,1,1,25,0,68,264,21,0.0,1
2099,2,3,76068.0,0,1,67,0,49,1376,16,0.4,0
2100,3,3,53204.0,1,1,40,0,48,45,9,0.0,2
2101,4,5,67911.0,0,1,63,0,75,976,30,0.0,1
2102,0,3,14796.0,1,0,1,0,40,51,15,0.0,2
2103,4,3,78128.0,0,1,89,0,50,1264,23,0.4,0
2104,1,3,14188.0,0,0,40,0,52,75,13,0.0,2
2105,1,3,20425.0,1,0,5,0,38,57,14,0.0,2
2106,3,3,58646.0,0,1,3,0,62,140,12,0.0,1
2107,2,2,72967.0,0,1,1,0,54,497,24,0.2,1
2108,3,3,48150.0,0,1,24,0,75,266,20,0.0,1
2110,2,6,58275.0,1,1,48,0,69,615,30,0.0,1
2111,4,5,44953.0,0,0,31,0,43,1021,30,0.2,0
2112,2,5,34587.0,1,1,68,0,71,22,10,0.0,2
2113,3,5,43018.0,0,1,46,0,50,133,12,0.0,2
2114,3,3,45736.0,0,1,92,0,70,437,26,0.0,1
2115,3,5,66476.0,0,1,80,0,55,1013,30,0.0,1
2116,0,3,27733.0,1,0,16,0,43,57,14,0.0,2
2117,4,5,69805.0,0,1,50,0,72,1038,29,0.0,1
2118,3,4,72217.0,0,0,93,0,62,1573,24,0.0,1
2119,2,2,25818.0,1,0,51,0,53,28,11,0.0,2
2120,3,5,37509.0,1,0,24,0,48,123,16,0.0,2
2121,0,5,25176.0,1,1,79,0,48,13,11,0.0,2
2122,2,3,43586.0,0,1,26,0,44,132,18,0.0,2
2124,2,5,50116.0,1,1,68,0,67,66,12,0.2,2
2125,2,5,84906.0,0,0,98,0,52,1631,26,0.6,0
2126,2,3,61286.0,0,1,34,0,58,608,23,0.0,1
2127,4,3,82333.0,0,0,60,0,38,1822,20,0.2,0
2128,4,5,65220.0,0,0,3,0,59,1282,29,0.0,1
2129,2,5,33590.0,2,1,65,0,50,8,11,0.0,2
2130,2,2,30992.0,1,0,83,0,48,43,12,0.0,2
2133,1,3,16005.0,1,0,69,0,44,103,16,0.0,2
2134,3,0,65487.0,0,0,48,0,67,1169,19,0.0,1
2135,2,3,58692.0,0,1,21,0,59,395,22,0.0,1
2136,2,6,40590.0,1,1,30,0,55,258,21,0.2,2
2137,2,4,20587.0,1,0,39,0,54,25,12,0.0,2
2138,3,2,62637.0,0,1,76,0,70,185,12,0.0,1
2139,3,2,29435.0,1,1,11,0,58,180,20,0.0,2
2140,2,2,19346.0,1,0,26,0,50,22,13,0.0,2
2141,2,3,35788.0,1,1,34,0,53,44,13,0.0,2
2142,2,2,36997.0,1,1,72,0,56,94,17,0.0,2
2143,2,3,23539.0,0,0,13,0,67,81,13,0.0,2
2144,2,4,65333.0,0,1,58,0,51,798,34,0.4,0
2145,2,4,78499.0,0,0,12,0,67,1334,23,0.2,0
2146,4,5,29732.0,1,0,23,0,53,38,14,0.0,2
2147,3,5,41275.0,1,2,33,0,64,61,16,0.0,2
2148,4,5,63516.0,1,1,30,0,51,300,21,0.0,1
2149,4,3,42769.0,0,1,15,0,62,88,12,0.0,1
2150,3,3,49572.0,1,1,25,0,66,54,14,0.0,2
2152,2,3,17148.0,1,0,80,0,48,68,19,0.0,2
2153,2,6,40590.0,1,1,30,0,55,258,21,0.2,2
2154,3,5,30560.0,1,0,6,0,48,31,12,0.0,2
2155,0,3,32146.0,1,0,16,0,41,66,14,0.0,2
2156,0,2,41713.0,1,1,57,0,60,174,19,0.0,2
2157,3,5,34176.0,0,1,9,0,49,28,8,0.0,2
2158,4,3,58482.0,0,1,59,0,69,731,28,0.2,1
2159,2,4,59686.0,0,1,78,0,59,274,16,0.0,1
2160,4,3,60896.0,0,1,90,0,60,1701,32,0.0,1
2161,2,5,62994.0,1,0,74,0,44,312,19,0.0,2
2162,2,5,47320.0,0,1,10,0,67,414,26,0.0,1
2163,0,6,74859.0,0,0,63,0,75,1565,26,0.2,0
2164,1,4,15253.0,1,0,13,0,32,29,13,0.0,2
2165,4,4,31560.0,1,0,98,0,50,94,16,0.0,2
2166,2,2,72071.0,0,1,4,0,70,1338,22,0.0,1
2167,3,4,91172.0,0,0,94,0,34,1092,17,0.8,0
2169,2,4,41967.0,1,1,66,0,43,54,9,0.0,2
2170,2,4,69263.0,0,1,14,0,59,568,24,0.2,1
2171,0,2,65706.0,0,0,77,0,54,1199,34,0.6,0
2174,2,3,65210.0,0,1,25,0,69,731,28,0.4,0
2175,4,3,79174.0,0,0,2,0,49,2043,21,0.4,0
2177,4,7,48432.0,0,1,3,0,51,424,27,0.0,1
2179,2,5,38946.0,0,1,84,0,69,257,17,0.0,1
2180,2,3,26067.0,1,0,49,0,50,56,17,0.0,2
2181,4,3,44325.0,0,1,69,0,52,542,29,0.2,1
2182,2,3,42523.0,0,0,96,0,60,125,9,0.0,2
2183,1,4,26487.0,1,0,23,0,46,69,14,0.0,2
2184,0,3,53233.0,0,1,18,0,67,40,9,0.0,2
2185,2,3,67716.0,0,1,8,0,64,1016,33,0.2,1
2186,3,3,76234.0,0,1,21,0,52,907,26,0.2,1
2187,4,3,84117.0,0,0,60,0,68,1566,26,0.2,0
2188,3,5,65487.0,0,0,48,0,67,1169,19,0.0,1
2189,1,3,25224.0,1,0,36,0,52,46,10,0.0,2
2190,3,4,89616.0,0,0,36,0,41,1644,27,0.0,1
2191,2,2,40851.0,1,1,63,0,53,59,12,0.0,2
2192,2,3,27469.0,0,0,2,0,77,17,10,0.0,2
2194,2,3,73803.0,0,1,61,0,67,1528,28,0.2,0
2195,3,4,8820.0,1,1,52,0,72,35,18,0.0,2
2196,2,4,43322.0,0,0,25,0,50,141,15,0.0,2
2197,2,5,55593.0,0,1,63,0,51,546,23,0.2,1
2198,2,3,50501.0,1,1,10,0,70,500,26,0.2,1
2199,2,3,37085.0,1,1,65,0,49,61,18,0.0,2
2200,1,4,16185.0,1,0,71,0,34,106,16,0.0,2
2201,2,4,57731.0,0,1,0,0,55,704,32,0.0,1
2202,4,7,48432.0,0,1,3,0,51,424,27,0.0,1
2203,2,3,73807.0,0,1,88,0,46,849,25,0.0,1
2204,2,3,18929.0,0,0,15,0,34,85,12,0.0,2
2205,2,4,35893.0,1,1,80,0,56,199,23,0.0,2
2206,2,3,61014.0,0,1,17,0,44,1147,27,0.0,1
2207,2,5,32144.0,1,1,76,0,70,54,17,0.2,2
2208,1,5,14918.0,0,1,52,0,61,43,11,0.0,2
2209,2,2,45146.0,1,1,28,0,61,53,10,0.0,2
2210,0,2,41769.0,0,1,31,0,69,521,30,0.0,1
2212,3,2,38054.0,1,1,24,0,74,45,14,0.0,2
2213,0,4,80617.0,0,0,42,0,29,1435,21,0.0,1
2215,2,5,36807.0,1,1,88,0,70,16,10,0.0,2
2216,2,5,28427.0,1,0,67,0,41,52,15,0.0,2
2218,2,5,22775.0,1,0,40,0,46,15,12,0.0,2
2219,3,5,40101.0,1,0,73,0,39,415,24,0.0,2
2220,2,3,58025.0,0,1,81,0,45,470,22,0.0,1
2221,3,4,75777.0,0,0,12,0,42,1438,22,0.4,0
2222,0,5,7500.0,1,0,7,0,45,53,18,0.0,2
2223,3,3,33562.0,1,2,33,0,61,51,13,0.0,2
2224,4,4,57642.0,0,1,24,0,54,679,26,0.2,1
2225,2,5,58554.0,1,1,55,0,56,586,29,0.0,1
2226,2,3,63777.0,1,1,87,0,45,653,34,0.0,1
2227,2,4,57967.0,0,1,39,0,62,468,24,0.0,1
2229,2,3,24434.0,2,0,9,0,52,50,14,0.0,2
2230,2,4,11012.0,1,0,82,0,40,84,18,0.2,2
2231,3,4,44802.0,0,0,71,0,54,1049,35,0.0,1
2232,2,4,26816.0,0,0,50,0,38,22,8,0.0,2
2234,2,3,34421.0,1,0,81,0,50,30,11,0.0,2
2236,4,5,64014.0,2,1,56,0,78,444,29,0.2,1
2237,2,2,56981.0,0,0,91,0,43,1241,25,0.2,0
2238,3,5,69245.0,0,1,8,0,68,843,26,0.0,1
2239,4,3,52869.0,1,1,40,0,70,172,18,0.0,1
